,peptide,start_pos,end_pos,Chopped
0,MFVFLVLL,1,9,
1,FVFLVLLP,2,10,
2,VFLVLLPL,3,11,
3,FLVLLPLV,4,12,
4,LVLLPLVS,5,13,
5,VLLPLVSS,6,14,
6,LLPLVSSQ,7,15,
7,LPLVSSQC,8,16,
8,PLVSSQCV,9,17,
9,LVSSQCVN,10,18,
10,VSSQCVNL,11,19,
11,SSQCVNLT,12,20,
12,SQCVNLTT,13,21,
13,QCVNLTTR,14,22,
14,CVNLTTRT,15,23,
15,VNLTTRTQ,16,24,
16,NLTTRTQL,17,25,
17,LTTRTQLP,18,26,
18,TTRTQLPP,19,27,
19,TRTQLPPA,20,28,
20,RTQLPPAY,21,29,
21,TQLPPAYT,22,30,
22,QLPPAYTN,23,31,
23,LPPAYTNS,24,32,
24,PPAYTNSF,25,33,
25,PAYTNSFT,26,34,
26,AYTNSFTR,27,35,
27,YTNSFTRG,28,36,
28,TNSFTRGV,29,37,
29,NSFTRGVY,30,38,
30,SFTRGVYY,31,39,
31,FTRGVYYP,32,40,
32,TRGVYYPD,33,41,
33,RGVYYPDK,34,42,
34,GVYYPDKV,35,43,
35,VYYPDKVF,36,44,
36,YYPDKVFR,37,45,
37,YPDKVFRS,38,46,
38,PDKVFRSS,39,47,
39,DKVFRSSV,40,48,
40,KVFRSSVL,41,49,
41,VFRSSVLH,42,50,
42,FRSSVLHS,43,51,
43,RSSVLHST,44,52,
44,SSVLHSTQ,45,53,
45,SVLHSTQD,46,54,
46,VLHSTQDL,47,55,
47,LHSTQDLF,48,56,
48,HSTQDLFL,49,57,
49,STQDLFLP,50,58,
50,TQDLFLPF,51,59,
51,QDLFLPFF,52,60,
52,DLFLPFFS,53,61,
53,LFLPFFSN,54,62,
54,FLPFFSNV,55,63,
55,LPFFSNVT,56,64,
56,PFFSNVTW,57,65,
57,FFSNVTWF,58,66,
58,FSNVTWFH,59,67,
59,SNVTWFHA,60,68,
60,NVTWFHAI,61,69,
61,VTWFHAIH,62,70,
62,TWFHAIHV,63,71,
63,WFHAIHVS,64,72,
64,FHAIHVSG,65,73,
65,HAIHVSGT,66,74,
66,AIHVSGTN,67,75,
67,IHVSGTNG,68,76,
68,HVSGTNGT,69,77,
69,VSGTNGTK,70,78,
70,SGTNGTKR,71,79,
71,GTNGTKRF,72,80,
72,TNGTKRFD,73,81,
73,NGTKRFDN,74,82,
74,GTKRFDNP,75,83,
75,TKRFDNPV,76,84,
76,KRFDNPVL,77,85,
77,RFDNPVLP,78,86,
78,FDNPVLPF,79,87,
79,DNPVLPFN,80,88,
80,NPVLPFND,81,89,
81,PVLPFNDG,82,90,
82,VLPFNDGV,83,91,
83,LPFNDGVY,84,92,
84,PFNDGVYF,85,93,
85,FNDGVYFA,86,94,
86,NDGVYFAS,87,95,
87,DGVYFAST,88,96,
88,GVYFASTE,89,97,
89,VYFASTEK,90,98,
90,YFASTEKS,91,99,
91,FASTEKSN,92,100,
92,ASTEKSNI,93,101,
93,STEKSNII,94,102,
94,TEKSNIIR,95,103,
95,EKSNIIRG,96,104,
96,KSNIIRGW,97,105,
97,SNIIRGWI,98,106,
98,NIIRGWIF,99,107,
99,IIRGWIFG,100,108,
100,IRGWIFGT,101,109,
101,RGWIFGTT,102,110,
102,GWIFGTTL,103,111,
103,WIFGTTLD,104,112,
104,IFGTTLDS,105,113,
105,FGTTLDSK,106,114,
106,GTTLDSKT,107,115,
107,TTLDSKTQ,108,116,
108,TLDSKTQS,109,117,
109,LDSKTQSL,110,118,
110,DSKTQSLL,111,119,
111,SKTQSLLI,112,120,
112,KTQSLLIV,113,121,
113,TQSLLIVN,114,122,
114,QSLLIVNN,115,123,
115,SLLIVNNA,116,124,
116,LLIVNNAT,117,125,
117,LIVNNATN,118,126,
118,IVNNATNV,119,127,
119,VNNATNVV,120,128,
120,NNATNVVI,121,129,
121,NATNVVIK,122,130,
122,ATNVVIKV,123,131,
123,TNVVIKVC,124,132,
124,NVVIKVCE,125,133,
125,VVIKVCEF,126,134,
126,VIKVCEFQ,127,135,
127,IKVCEFQF,128,136,
128,KVCEFQFC,129,137,
129,VCEFQFCN,130,138,
130,CEFQFCND,131,139,
131,EFQFCNDP,132,140,
132,FQFCNDPF,133,141,
133,QFCNDPFL,134,142,
134,FCNDPFLG,135,143,
135,CNDPFLGV,136,144,
136,NDPFLGVY,137,145,
137,DPFLGVYY,138,146,
138,PFLGVYYH,139,147,
139,FLGVYYHK,140,148,
140,LGVYYHKN,141,149,
141,GVYYHKNN,142,150,
142,VYYHKNNK,143,151,
143,YYHKNNKS,144,152,
144,YHKNNKSW,145,153,
145,HKNNKSWM,146,154,
146,KNNKSWME,147,155,
147,NNKSWMES,148,156,
148,NKSWMESE,149,157,
149,KSWMESEF,150,158,
150,SWMESEFR,151,159,
151,WMESEFRV,152,160,
152,MESEFRVY,153,161,
153,ESEFRVYS,154,162,
154,SEFRVYSS,155,163,
155,EFRVYSSA,156,164,
156,FRVYSSAN,157,165,
157,RVYSSANN,158,166,
158,VYSSANNC,159,167,
159,YSSANNCT,160,168,
160,SSANNCTF,161,169,
161,SANNCTFE,162,170,
162,ANNCTFEY,163,171,
163,NNCTFEYV,164,172,
164,NCTFEYVS,165,173,
165,CTFEYVSQ,166,174,
166,TFEYVSQP,167,175,
167,FEYVSQPF,168,176,
168,EYVSQPFL,169,177,
169,YVSQPFLM,170,178,
170,VSQPFLMD,171,179,
171,SQPFLMDL,172,180,
172,QPFLMDLE,173,181,
173,PFLMDLEG,174,182,
174,FLMDLEGK,175,183,
175,LMDLEGKQ,176,184,
176,MDLEGKQG,177,185,
177,DLEGKQGN,178,186,
178,LEGKQGNF,179,187,
179,EGKQGNFK,180,188,
180,GKQGNFKN,181,189,
181,KQGNFKNL,182,190,
182,QGNFKNLR,183,191,
183,GNFKNLRE,184,192,
184,NFKNLREF,185,193,
185,FKNLREFV,186,194,
186,KNLREFVF,187,195,
187,NLREFVFK,188,196,
188,LREFVFKN,189,197,
189,REFVFKNI,190,198,
190,EFVFKNID,191,199,
191,FVFKNIDG,192,200,
192,VFKNIDGY,193,201,
193,FKNIDGYF,194,202,
194,KNIDGYFK,195,203,
195,NIDGYFKI,196,204,
196,IDGYFKIY,197,205,
197,DGYFKIYS,198,206,
198,GYFKIYSK,199,207,
199,YFKIYSKH,200,208,
200,FKIYSKHT,201,209,
201,KIYSKHTP,202,210,
202,IYSKHTPI,203,211,
203,YSKHTPIN,204,212,
204,SKHTPINL,205,213,
205,KHTPINLV,206,214,
206,HTPINLVR,207,215,
207,TPINLVRD,208,216,
208,PINLVRDL,209,217,
209,INLVRDLP,210,218,
210,NLVRDLPQ,211,219,
211,LVRDLPQG,212,220,
212,VRDLPQGF,213,221,
213,RDLPQGFS,214,222,
214,DLPQGFSA,215,223,
215,LPQGFSAL,216,224,
216,PQGFSALE,217,225,
217,QGFSALEP,218,226,
218,GFSALEPL,219,227,
219,FSALEPLV,220,228,
220,SALEPLVD,221,229,
221,ALEPLVDL,222,230,
222,LEPLVDLP,223,231,
223,EPLVDLPI,224,232,
224,PLVDLPIG,225,233,
225,LVDLPIGI,226,234,
226,VDLPIGIN,227,235,
227,DLPIGINI,228,236,
228,LPIGINIT,229,237,
229,PIGINITR,230,238,
230,IGINITRF,231,239,
231,GINITRFQ,232,240,
232,INITRFQT,233,241,
233,NITRFQTL,234,242,
234,ITRFQTLL,235,243,
235,TRFQTLLA,236,244,
236,RFQTLLAL,237,245,
237,FQTLLALH,238,246,
238,QTLLALHR,239,247,
239,TLLALHRS,240,248,
240,LLALHRSY,241,249,
241,LALHRSYL,242,250,
242,ALHRSYLT,243,251,
243,LHRSYLTP,244,252,
244,HRSYLTPG,245,253,
245,RSYLTPGD,246,254,
246,SYLTPGDS,247,255,
247,YLTPGDSS,248,256,
248,LTPGDSSS,249,257,
249,TPGDSSSG,250,258,
250,PGDSSSGW,251,259,
251,GDSSSGWT,252,260,
252,DSSSGWTA,253,261,
253,SSSGWTAG,254,262,
254,SSGWTAGA,255,263,
255,SGWTAGAA,256,264,
256,GWTAGAAA,257,265,
257,WTAGAAAY,258,266,
258,TAGAAAYY,259,267,
259,AGAAAYYV,260,268,
260,GAAAYYVG,261,269,
261,AAAYYVGY,262,270,
262,AAYYVGYL,263,271,
263,AYYVGYLQ,264,272,
264,YYVGYLQP,265,273,
265,YVGYLQPR,266,274,
266,VGYLQPRT,267,275,
267,GYLQPRTF,268,276,
268,YLQPRTFL,269,277,
269,LQPRTFLL,270,278,
270,QPRTFLLK,271,279,
271,PRTFLLKY,272,280,
272,RTFLLKYN,273,281,
273,TFLLKYNE,274,282,
274,FLLKYNEN,275,283,
275,LLKYNENG,276,284,
276,LKYNENGT,277,285,
277,KYNENGTI,278,286,
278,YNENGTIT,279,287,
279,NENGTITD,280,288,
280,ENGTITDA,281,289,
281,NGTITDAV,282,290,
282,GTITDAVD,283,291,
283,TITDAVDC,284,292,
284,ITDAVDCA,285,293,
285,TDAVDCAL,286,294,
286,DAVDCALD,287,295,
287,AVDCALDP,288,296,
288,VDCALDPL,289,297,
289,DCALDPLS,290,298,
290,CALDPLSE,291,299,
291,ALDPLSET,292,300,
292,LDPLSETK,293,301,
293,DPLSETKC,294,302,
294,PLSETKCT,295,303,
295,LSETKCTL,296,304,
296,SETKCTLK,297,305,
297,ETKCTLKS,298,306,
298,TKCTLKSF,299,307,
299,KCTLKSFT,300,308,
300,CTLKSFTV,301,309,
301,TLKSFTVE,302,310,
302,LKSFTVEK,303,311,
303,KSFTVEKG,304,312,
304,SFTVEKGI,305,313,
305,FTVEKGIY,306,314,
306,TVEKGIYQ,307,315,
307,VEKGIYQT,308,316,
308,EKGIYQTS,309,317,
309,KGIYQTSN,310,318,
310,GIYQTSNF,311,319,
311,IYQTSNFR,312,320,
312,YQTSNFRV,313,321,
313,QTSNFRVQ,314,322,
314,TSNFRVQP,315,323,
315,SNFRVQPT,316,324,
316,NFRVQPTE,317,325,
317,FRVQPTES,318,326,
318,RVQPTESI,319,327,
319,VQPTESIV,320,328,
320,QPTESIVR,321,329,
321,PTESIVRF,322,330,
322,TESIVRFP,323,331,
323,ESIVRFPN,324,332,
324,SIVRFPNI,325,333,
325,IVRFPNIT,326,334,
326,VRFPNITN,327,335,
327,RFPNITNL,328,336,
328,FPNITNLC,329,337,
329,PNITNLCP,330,338,
330,NITNLCPF,331,339,
331,ITNLCPFG,332,340,
332,TNLCPFGE,333,341,
333,NLCPFGEV,334,342,
334,LCPFGEVF,335,343,
335,CPFGEVFN,336,344,
336,PFGEVFNA,337,345,
337,FGEVFNAT,338,346,
338,GEVFNATR,339,347,
339,EVFNATRF,340,348,
340,VFNATRFA,341,349,
341,FNATRFAS,342,350,
342,NATRFASV,343,351,
343,ATRFASVY,344,352,
344,TRFASVYA,345,353,
345,RFASVYAW,346,354,
346,FASVYAWN,347,355,
347,ASVYAWNR,348,356,
348,SVYAWNRK,349,357,
349,VYAWNRKR,350,358,
350,YAWNRKRI,351,359,
351,AWNRKRIS,352,360,
352,WNRKRISN,353,361,
353,NRKRISNC,354,362,
354,RKRISNCV,355,363,
355,KRISNCVA,356,364,
356,RISNCVAD,357,365,
357,ISNCVADY,358,366,
358,SNCVADYS,359,367,
359,NCVADYSV,360,368,
360,CVADYSVL,361,369,
361,VADYSVLY,362,370,
362,ADYSVLYN,363,371,
363,DYSVLYNS,364,372,
364,YSVLYNSA,365,373,
365,SVLYNSAS,366,374,
366,VLYNSASF,367,375,
367,LYNSASFS,368,376,
368,YNSASFST,369,377,
369,NSASFSTF,370,378,
370,SASFSTFK,371,379,
371,ASFSTFKC,372,380,
372,SFSTFKCY,373,381,
373,FSTFKCYG,374,382,
374,STFKCYGV,375,383,
375,TFKCYGVS,376,384,
376,FKCYGVSP,377,385,
377,KCYGVSPT,378,386,
378,CYGVSPTK,379,387,
379,YGVSPTKL,380,388,
380,GVSPTKLN,381,389,
381,VSPTKLND,382,390,
382,SPTKLNDL,383,391,
383,PTKLNDLC,384,392,
384,TKLNDLCF,385,393,
385,KLNDLCFT,386,394,
386,LNDLCFTN,387,395,
387,NDLCFTNV,388,396,
388,DLCFTNVY,389,397,
389,LCFTNVYA,390,398,
390,CFTNVYAD,391,399,
391,FTNVYADS,392,400,
392,TNVYADSF,393,401,
393,NVYADSFV,394,402,
394,VYADSFVI,395,403,
395,YADSFVIR,396,404,
396,ADSFVIRG,397,405,
397,DSFVIRGD,398,406,
398,SFVIRGDE,399,407,
399,FVIRGDEV,400,408,
400,VIRGDEVR,401,409,
401,IRGDEVRQ,402,410,
402,RGDEVRQI,403,411,
403,GDEVRQIA,404,412,
404,DEVRQIAP,405,413,
405,EVRQIAPG,406,414,
406,VRQIAPGQ,407,415,
407,RQIAPGQT,408,416,
408,QIAPGQTG,409,417,
409,IAPGQTGK,410,418,
410,APGQTGKI,411,419,
411,PGQTGKIA,412,420,
412,GQTGKIAD,413,421,
413,QTGKIADY,414,422,
414,TGKIADYN,415,423,
415,GKIADYNY,416,424,
416,KIADYNYK,417,425,
417,IADYNYKL,418,426,
418,ADYNYKLP,419,427,
419,DYNYKLPD,420,428,
420,YNYKLPDD,421,429,
421,NYKLPDDF,422,430,
422,YKLPDDFT,423,431,
423,KLPDDFTG,424,432,
424,LPDDFTGC,425,433,
425,PDDFTGCV,426,434,
426,DDFTGCVI,427,435,
427,DFTGCVIA,428,436,
428,FTGCVIAW,429,437,
429,TGCVIAWN,430,438,
430,GCVIAWNS,431,439,
431,CVIAWNSN,432,440,
432,VIAWNSNN,433,441,
433,IAWNSNNL,434,442,
434,AWNSNNLD,435,443,
435,WNSNNLDS,436,444,
436,NSNNLDSK,437,445,
437,SNNLDSKV,438,446,
438,NNLDSKVG,439,447,
439,NLDSKVGG,440,448,
440,LDSKVGGN,441,449,
441,DSKVGGNY,442,450,
442,SKVGGNYN,443,451,
443,KVGGNYNY,444,452,
444,VGGNYNYL,445,453,
445,GGNYNYLY,446,454,
446,GNYNYLYR,447,455,
447,NYNYLYRL,448,456,
448,YNYLYRLF,449,457,
449,NYLYRLFR,450,458,
450,YLYRLFRK,451,459,
451,LYRLFRKS,452,460,
452,YRLFRKSN,453,461,
453,RLFRKSNL,454,462,
454,LFRKSNLK,455,463,
455,FRKSNLKP,456,464,
456,RKSNLKPF,457,465,
457,KSNLKPFE,458,466,
458,SNLKPFER,459,467,
459,NLKPFERD,460,468,
460,LKPFERDI,461,469,
461,KPFERDIS,462,470,
462,PFERDIST,463,471,
463,FERDISTE,464,472,
464,ERDISTEI,465,473,
465,RDISTEIY,466,474,
466,DISTEIYQ,467,475,
467,ISTEIYQA,468,476,
468,STEIYQAG,469,477,
469,TEIYQAGS,470,478,
470,EIYQAGST,471,479,
471,IYQAGSTP,472,480,
472,YQAGSTPC,473,481,
473,QAGSTPCN,474,482,
474,AGSTPCNG,475,483,
475,GSTPCNGV,476,484,
476,STPCNGVE,477,485,
477,TPCNGVEG,478,486,
478,PCNGVEGF,479,487,
479,CNGVEGFN,480,488,
480,NGVEGFNC,481,489,
481,GVEGFNCY,482,490,
482,VEGFNCYF,483,491,
483,EGFNCYFP,484,492,
484,GFNCYFPL,485,493,
485,FNCYFPLQ,486,494,
486,NCYFPLQS,487,495,
487,CYFPLQSY,488,496,
488,YFPLQSYG,489,497,
489,FPLQSYGF,490,498,
490,PLQSYGFQ,491,499,
491,LQSYGFQP,492,500,
492,QSYGFQPT,493,501,
493,SYGFQPTN,494,502,
494,YGFQPTNG,495,503,
495,GFQPTNGV,496,504,
496,FQPTNGVG,497,505,
497,QPTNGVGY,498,506,
498,PTNGVGYQ,499,507,
499,TNGVGYQP,500,508,
500,NGVGYQPY,501,509,
501,GVGYQPYR,502,510,
502,VGYQPYRV,503,511,
503,GYQPYRVV,504,512,
504,YQPYRVVV,505,513,
505,QPYRVVVL,506,514,
506,PYRVVVLS,507,515,
507,YRVVVLSF,508,516,
508,RVVVLSFE,509,517,
509,VVVLSFEL,510,518,
510,VVLSFELL,511,519,
511,VLSFELLH,512,520,
512,LSFELLHA,513,521,
513,SFELLHAP,514,522,
514,FELLHAPA,515,523,
515,ELLHAPAT,516,524,
516,LLHAPATV,517,525,
517,LHAPATVC,518,526,
518,HAPATVCG,519,527,
519,APATVCGP,520,528,
520,PATVCGPK,521,529,
521,ATVCGPKK,522,530,
522,TVCGPKKS,523,531,
523,VCGPKKST,524,532,
524,CGPKKSTN,525,533,
525,GPKKSTNL,526,534,
526,PKKSTNLV,527,535,
527,KKSTNLVK,528,536,
528,KSTNLVKN,529,537,
529,STNLVKNK,530,538,
530,TNLVKNKC,531,539,
531,NLVKNKCV,532,540,
532,LVKNKCVN,533,541,
533,VKNKCVNF,534,542,
534,KNKCVNFN,535,543,
535,NKCVNFNF,536,544,
536,KCVNFNFN,537,545,
537,CVNFNFNG,538,546,
538,VNFNFNGL,539,547,
539,NFNFNGLT,540,548,
540,FNFNGLTG,541,549,
541,NFNGLTGT,542,550,
542,FNGLTGTG,543,551,
543,NGLTGTGV,544,552,
544,GLTGTGVL,545,553,
545,LTGTGVLT,546,554,
546,TGTGVLTE,547,555,
547,GTGVLTES,548,556,
548,TGVLTESN,549,557,
549,GVLTESNK,550,558,
550,VLTESNKK,551,559,
551,LTESNKKF,552,560,
552,TESNKKFL,553,561,
553,ESNKKFLP,554,562,
554,SNKKFLPF,555,563,
555,NKKFLPFQ,556,564,
556,KKFLPFQQ,557,565,
557,KFLPFQQF,558,566,
558,FLPFQQFG,559,567,
559,LPFQQFGR,560,568,
560,PFQQFGRD,561,569,
561,FQQFGRDI,562,570,
562,QQFGRDIA,563,571,
563,QFGRDIAD,564,572,
564,FGRDIADT,565,573,
565,GRDIADTT,566,574,
566,RDIADTTD,567,575,
567,DIADTTDA,568,576,
568,IADTTDAV,569,577,
569,ADTTDAVR,570,578,
570,DTTDAVRD,571,579,
571,TTDAVRDP,572,580,
572,TDAVRDPQ,573,581,
573,DAVRDPQT,574,582,
574,AVRDPQTL,575,583,
575,VRDPQTLE,576,584,
576,RDPQTLEI,577,585,
577,DPQTLEIL,578,586,
578,PQTLEILD,579,587,
579,QTLEILDI,580,588,
580,TLEILDIT,581,589,
581,LEILDITP,582,590,
582,EILDITPC,583,591,
583,ILDITPCS,584,592,
584,LDITPCSF,585,593,
585,DITPCSFG,586,594,
586,ITPCSFGG,587,595,
587,TPCSFGGV,588,596,
588,PCSFGGVS,589,597,
589,CSFGGVSV,590,598,
590,SFGGVSVI,591,599,
591,FGGVSVIT,592,600,
592,GGVSVITP,593,601,
593,GVSVITPG,594,602,
594,VSVITPGT,595,603,
595,SVITPGTN,596,604,
596,VITPGTNT,597,605,
597,ITPGTNTS,598,606,
598,TPGTNTSN,599,607,
599,PGTNTSNQ,600,608,
600,GTNTSNQV,601,609,
601,TNTSNQVA,602,610,
602,NTSNQVAV,603,611,
603,TSNQVAVL,604,612,
604,SNQVAVLY,605,613,
605,NQVAVLYQ,606,614,
606,QVAVLYQD,607,615,
607,VAVLYQDV,608,616,
608,AVLYQDVN,609,617,
609,VLYQDVNC,610,618,
610,LYQDVNCT,611,619,
611,YQDVNCTE,612,620,
612,QDVNCTEV,613,621,
613,DVNCTEVP,614,622,
614,VNCTEVPV,615,623,
615,NCTEVPVA,616,624,
616,CTEVPVAI,617,625,
617,TEVPVAIH,618,626,
618,EVPVAIHA,619,627,
619,VPVAIHAD,620,628,
620,PVAIHADQ,621,629,
621,VAIHADQL,622,630,
622,AIHADQLT,623,631,
623,IHADQLTP,624,632,
624,HADQLTPT,625,633,
625,ADQLTPTW,626,634,
626,DQLTPTWR,627,635,
627,QLTPTWRV,628,636,
628,LTPTWRVY,629,637,
629,TPTWRVYS,630,638,
630,PTWRVYST,631,639,
631,TWRVYSTG,632,640,
632,WRVYSTGS,633,641,
633,RVYSTGSN,634,642,
634,VYSTGSNV,635,643,
635,YSTGSNVF,636,644,
636,STGSNVFQ,637,645,
637,TGSNVFQT,638,646,
638,GSNVFQTR,639,647,
639,SNVFQTRA,640,648,
640,NVFQTRAG,641,649,
641,VFQTRAGC,642,650,
642,FQTRAGCL,643,651,
643,QTRAGCLI,644,652,
644,TRAGCLIG,645,653,
645,RAGCLIGA,646,654,
646,AGCLIGAE,647,655,
647,GCLIGAEH,648,656,
648,CLIGAEHV,649,657,
649,LIGAEHVN,650,658,
650,IGAEHVNN,651,659,
651,GAEHVNNS,652,660,
652,AEHVNNSY,653,661,
653,EHVNNSYE,654,662,
654,HVNNSYEC,655,663,
655,VNNSYECD,656,664,
656,NNSYECDI,657,665,
657,NSYECDIP,658,666,
658,SYECDIPI,659,667,
659,YECDIPIG,660,668,
660,ECDIPIGA,661,669,
661,CDIPIGAG,662,670,
662,DIPIGAGI,663,671,
663,IPIGAGIC,664,672,
664,PIGAGICA,665,673,
665,IGAGICAS,666,674,
666,GAGICASY,667,675,
667,AGICASYQ,668,676,
668,GICASYQT,669,677,
669,ICASYQTQ,670,678,
670,CASYQTQT,671,679,
671,ASYQTQTN,672,680,
672,SYQTQTNS,673,681,
673,YQTQTNSP,674,682,
674,QTQTNSPR,675,683,
675,TQTNSPRR,676,684,
676,QTNSPRRA,677,685,
677,TNSPRRAR,678,686,
678,NSPRRARS,679,687,
679,SPRRARSV,680,688,
680,PRRARSVA,681,689,
681,RRARSVAS,682,690,
682,RARSVASQ,683,691,
683,ARSVASQS,684,692,
684,RSVASQSI,685,693,
685,SVASQSII,686,694,
686,VASQSIIA,687,695,
687,ASQSIIAY,688,696,
688,SQSIIAYT,689,697,
689,QSIIAYTM,690,698,
690,SIIAYTMS,691,699,
691,IIAYTMSL,692,700,
692,IAYTMSLG,693,701,
693,AYTMSLGA,694,702,
694,YTMSLGAE,695,703,
695,TMSLGAEN,696,704,
696,MSLGAENS,697,705,
697,SLGAENSV,698,706,
698,LGAENSVA,699,707,
699,GAENSVAY,700,708,
700,AENSVAYS,701,709,
701,ENSVAYSN,702,710,
702,NSVAYSNN,703,711,
703,SVAYSNNS,704,712,
704,VAYSNNSI,705,713,
705,AYSNNSIA,706,714,
706,YSNNSIAI,707,715,
707,SNNSIAIP,708,716,
708,NNSIAIPT,709,717,
709,NSIAIPTN,710,718,
710,SIAIPTNF,711,719,
711,IAIPTNFT,712,720,
712,AIPTNFTI,713,721,
713,IPTNFTIS,714,722,
714,PTNFTISV,715,723,
715,TNFTISVT,716,724,
716,NFTISVTT,717,725,
717,FTISVTTE,718,726,
718,TISVTTEI,719,727,
719,ISVTTEIL,720,728,
720,SVTTEILP,721,729,
721,VTTEILPV,722,730,
722,TTEILPVS,723,731,
723,TEILPVSM,724,732,
724,EILPVSMT,725,733,
725,ILPVSMTK,726,734,
726,LPVSMTKT,727,735,
727,PVSMTKTS,728,736,
728,VSMTKTSV,729,737,
729,SMTKTSVD,730,738,
730,MTKTSVDC,731,739,
731,TKTSVDCT,732,740,
732,KTSVDCTM,733,741,
733,TSVDCTMY,734,742,
734,SVDCTMYI,735,743,
735,VDCTMYIC,736,744,
736,DCTMYICG,737,745,
737,CTMYICGD,738,746,
738,TMYICGDS,739,747,
739,MYICGDST,740,748,
740,YICGDSTE,741,749,
741,ICGDSTEC,742,750,
742,CGDSTECS,743,751,
743,GDSTECSN,744,752,
744,DSTECSNL,745,753,
745,STECSNLL,746,754,
746,TECSNLLL,747,755,
747,ECSNLLLQ,748,756,
748,CSNLLLQY,749,757,
749,SNLLLQYG,750,758,
750,NLLLQYGS,751,759,
751,LLLQYGSF,752,760,
752,LLQYGSFC,753,761,
753,LQYGSFCT,754,762,
754,QYGSFCTQ,755,763,
755,YGSFCTQL,756,764,
756,GSFCTQLN,757,765,
757,SFCTQLNR,758,766,
758,FCTQLNRA,759,767,
759,CTQLNRAL,760,768,
760,TQLNRALT,761,769,
761,QLNRALTG,762,770,
762,LNRALTGI,763,771,
763,NRALTGIA,764,772,
764,RALTGIAV,765,773,
765,ALTGIAVE,766,774,
766,LTGIAVEQ,767,775,
767,TGIAVEQD,768,776,
768,GIAVEQDK,769,777,
769,IAVEQDKN,770,778,
770,AVEQDKNT,771,779,
771,VEQDKNTQ,772,780,
772,EQDKNTQE,773,781,
773,QDKNTQEV,774,782,
774,DKNTQEVF,775,783,
775,KNTQEVFA,776,784,
776,NTQEVFAQ,777,785,
777,TQEVFAQV,778,786,
778,QEVFAQVK,779,787,
779,EVFAQVKQ,780,788,
780,VFAQVKQI,781,789,
781,FAQVKQIY,782,790,
782,AQVKQIYK,783,791,
783,QVKQIYKT,784,792,
784,VKQIYKTP,785,793,
785,KQIYKTPP,786,794,
786,QIYKTPPI,787,795,
787,IYKTPPIK,788,796,
788,YKTPPIKD,789,797,
789,KTPPIKDF,790,798,
790,TPPIKDFG,791,799,
791,PPIKDFGG,792,800,
792,PIKDFGGF,793,801,
793,IKDFGGFN,794,802,
794,KDFGGFNF,795,803,
795,DFGGFNFS,796,804,
796,FGGFNFSQ,797,805,
797,GGFNFSQI,798,806,
798,GFNFSQIL,799,807,
799,FNFSQILP,800,808,
800,NFSQILPD,801,809,
801,FSQILPDP,802,810,
802,SQILPDPS,803,811,
803,QILPDPSK,804,812,
804,ILPDPSKP,805,813,
805,LPDPSKPS,806,814,
806,PDPSKPSK,807,815,
807,DPSKPSKR,808,816,
808,PSKPSKRS,809,817,
809,SKPSKRSF,810,818,
810,KPSKRSFI,811,819,
811,PSKRSFIE,812,820,
812,SKRSFIED,813,821,
813,KRSFIEDL,814,822,
814,RSFIEDLL,815,823,
815,SFIEDLLF,816,824,
816,FIEDLLFN,817,825,
817,IEDLLFNK,818,826,
818,EDLLFNKV,819,827,
819,DLLFNKVT,820,828,
820,LLFNKVTL,821,829,
821,LFNKVTLA,822,830,
822,FNKVTLAD,823,831,
823,NKVTLADA,824,832,
824,KVTLADAG,825,833,
825,VTLADAGF,826,834,
826,TLADAGFI,827,835,
827,LADAGFIK,828,836,
828,ADAGFIKQ,829,837,
829,DAGFIKQY,830,838,
830,AGFIKQYG,831,839,
831,GFIKQYGD,832,840,
832,FIKQYGDC,833,841,
833,IKQYGDCL,834,842,
834,KQYGDCLG,835,843,
835,QYGDCLGD,836,844,
836,YGDCLGDI,837,845,
837,GDCLGDIA,838,846,
838,DCLGDIAA,839,847,
839,CLGDIAAR,840,848,
840,LGDIAARD,841,849,
841,GDIAARDL,842,850,
842,DIAARDLI,843,851,
843,IAARDLIC,844,852,
844,AARDLICA,845,853,
845,ARDLICAQ,846,854,
846,RDLICAQK,847,855,
847,DLICAQKF,848,856,
848,LICAQKFN,849,857,
849,ICAQKFNG,850,858,
850,CAQKFNGL,851,859,
851,AQKFNGLT,852,860,
852,QKFNGLTV,853,861,
853,KFNGLTVL,854,862,
854,FNGLTVLP,855,863,
855,NGLTVLPP,856,864,
856,GLTVLPPL,857,865,
857,LTVLPPLL,858,866,
858,TVLPPLLT,859,867,
859,VLPPLLTD,860,868,
860,LPPLLTDE,861,869,
861,PPLLTDEM,862,870,
862,PLLTDEMI,863,871,
863,LLTDEMIA,864,872,
864,LTDEMIAQ,865,873,
865,TDEMIAQY,866,874,
866,DEMIAQYT,867,875,
867,EMIAQYTS,868,876,
868,MIAQYTSA,869,877,
869,IAQYTSAL,870,878,
870,AQYTSALL,871,879,
871,QYTSALLA,872,880,
872,YTSALLAG,873,881,
873,TSALLAGT,874,882,
874,SALLAGTI,875,883,
875,ALLAGTIT,876,884,
876,LLAGTITS,877,885,
877,LAGTITSG,878,886,
878,AGTITSGW,879,887,
879,GTITSGWT,880,888,
880,TITSGWTF,881,889,
881,ITSGWTFG,882,890,
882,TSGWTFGA,883,891,
883,SGWTFGAG,884,892,
884,GWTFGAGA,885,893,
885,WTFGAGAA,886,894,
886,TFGAGAAL,887,895,
887,FGAGAALQ,888,896,
888,GAGAALQI,889,897,
889,AGAALQIP,890,898,
890,GAALQIPF,891,899,
891,AALQIPFA,892,900,
892,ALQIPFAM,893,901,
893,LQIPFAMQ,894,902,
894,QIPFAMQM,895,903,
895,IPFAMQMA,896,904,
896,PFAMQMAY,897,905,
897,FAMQMAYR,898,906,
898,AMQMAYRF,899,907,
899,MQMAYRFN,900,908,
900,QMAYRFNG,901,909,
901,MAYRFNGI,902,910,
902,AYRFNGIG,903,911,
903,YRFNGIGV,904,912,
904,RFNGIGVT,905,913,
905,FNGIGVTQ,906,914,
906,NGIGVTQN,907,915,
907,GIGVTQNV,908,916,
908,IGVTQNVL,909,917,
909,GVTQNVLY,910,918,
910,VTQNVLYE,911,919,
911,TQNVLYEN,912,920,
912,QNVLYENQ,913,921,
913,NVLYENQK,914,922,
914,VLYENQKL,915,923,
915,LYENQKLI,916,924,
916,YENQKLIA,917,925,
917,ENQKLIAN,918,926,
918,NQKLIANQ,919,927,
919,QKLIANQF,920,928,
920,KLIANQFN,921,929,
921,LIANQFNS,922,930,
922,IANQFNSA,923,931,
923,ANQFNSAI,924,932,
924,NQFNSAIG,925,933,
925,QFNSAIGK,926,934,
926,FNSAIGKI,927,935,
927,NSAIGKIQ,928,936,
928,SAIGKIQD,929,937,
929,AIGKIQDS,930,938,
930,IGKIQDSL,931,939,
931,GKIQDSLS,932,940,
932,KIQDSLSS,933,941,
933,IQDSLSST,934,942,
934,QDSLSSTA,935,943,
935,DSLSSTAS,936,944,
936,SLSSTASA,937,945,
937,LSSTASAL,938,946,
938,SSTASALG,939,947,
939,STASALGK,940,948,
940,TASALGKL,941,949,
941,ASALGKLQ,942,950,
942,SALGKLQD,943,951,
943,ALGKLQDV,944,952,
944,LGKLQDVV,945,953,
945,GKLQDVVN,946,954,
946,KLQDVVNQ,947,955,
947,LQDVVNQN,948,956,
948,QDVVNQNA,949,957,
949,DVVNQNAQ,950,958,
950,VVNQNAQA,951,959,
951,VNQNAQAL,952,960,
952,NQNAQALN,953,961,
953,QNAQALNT,954,962,
954,NAQALNTL,955,963,
955,AQALNTLV,956,964,
956,QALNTLVK,957,965,
957,ALNTLVKQ,958,966,
958,LNTLVKQL,959,967,
959,NTLVKQLS,960,968,
960,TLVKQLSS,961,969,
961,LVKQLSSN,962,970,
962,VKQLSSNF,963,971,
963,KQLSSNFG,964,972,
964,QLSSNFGA,965,973,
965,LSSNFGAI,966,974,
966,SSNFGAIS,967,975,
967,SNFGAISS,968,976,
968,NFGAISSV,969,977,
969,FGAISSVL,970,978,
970,GAISSVLN,971,979,
971,AISSVLND,972,980,
972,ISSVLNDI,973,981,
973,SSVLNDIL,974,982,
974,SVLNDILS,975,983,
975,VLNDILSR,976,984,
976,LNDILSRL,977,985,
977,NDILSRLD,978,986,
978,DILSRLDK,979,987,
979,ILSRLDKV,980,988,
980,LSRLDKVE,981,989,
981,SRLDKVEA,982,990,
982,RLDKVEAE,983,991,
983,LDKVEAEV,984,992,
984,DKVEAEVQ,985,993,
985,KVEAEVQI,986,994,
986,VEAEVQID,987,995,
987,EAEVQIDR,988,996,
988,AEVQIDRL,989,997,
989,EVQIDRLI,990,998,
990,VQIDRLIT,991,999,
991,QIDRLITG,992,1000,
992,IDRLITGR,993,1001,
993,DRLITGRL,994,1002,
994,RLITGRLQ,995,1003,
995,LITGRLQS,996,1004,
996,ITGRLQSL,997,1005,
997,TGRLQSLQ,998,1006,
998,GRLQSLQT,999,1007,
999,RLQSLQTY,1000,1008,
1000,LQSLQTYV,1001,1009,
1001,QSLQTYVT,1002,1010,
1002,SLQTYVTQ,1003,1011,
1003,LQTYVTQQ,1004,1012,
1004,QTYVTQQL,1005,1013,
1005,TYVTQQLI,1006,1014,
1006,YVTQQLIR,1007,1015,
1007,VTQQLIRA,1008,1016,
1008,TQQLIRAA,1009,1017,
1009,QQLIRAAE,1010,1018,
1010,QLIRAAEI,1011,1019,
1011,LIRAAEIR,1012,1020,
1012,IRAAEIRA,1013,1021,
1013,RAAEIRAS,1014,1022,
1014,AAEIRASA,1015,1023,
1015,AEIRASAN,1016,1024,
1016,EIRASANL,1017,1025,
1017,IRASANLA,1018,1026,
1018,RASANLAA,1019,1027,
1019,ASANLAAT,1020,1028,
1020,SANLAATK,1021,1029,
1021,ANLAATKM,1022,1030,
1022,NLAATKMS,1023,1031,
1023,LAATKMSE,1024,1032,
1024,AATKMSEC,1025,1033,
1025,ATKMSECV,1026,1034,
1026,TKMSECVL,1027,1035,
1027,KMSECVLG,1028,1036,
1028,MSECVLGQ,1029,1037,
1029,SECVLGQS,1030,1038,
1030,ECVLGQSK,1031,1039,
1031,CVLGQSKR,1032,1040,
1032,VLGQSKRV,1033,1041,
1033,LGQSKRVD,1034,1042,
1034,GQSKRVDF,1035,1043,
1035,QSKRVDFC,1036,1044,
1036,SKRVDFCG,1037,1045,
1037,KRVDFCGK,1038,1046,
1038,RVDFCGKG,1039,1047,
1039,VDFCGKGY,1040,1048,
1040,DFCGKGYH,1041,1049,
1041,FCGKGYHL,1042,1050,
1042,CGKGYHLM,1043,1051,
1043,GKGYHLMS,1044,1052,
1044,KGYHLMSF,1045,1053,
1045,GYHLMSFP,1046,1054,
1046,YHLMSFPQ,1047,1055,
1047,HLMSFPQS,1048,1056,
1048,LMSFPQSA,1049,1057,
1049,MSFPQSAP,1050,1058,
1050,SFPQSAPH,1051,1059,
1051,FPQSAPHG,1052,1060,
1052,PQSAPHGV,1053,1061,
1053,QSAPHGVV,1054,1062,
1054,SAPHGVVF,1055,1063,
1055,APHGVVFL,1056,1064,
1056,PHGVVFLH,1057,1065,
1057,HGVVFLHV,1058,1066,
1058,GVVFLHVT,1059,1067,
1059,VVFLHVTY,1060,1068,
1060,VFLHVTYV,1061,1069,
1061,FLHVTYVP,1062,1070,
1062,LHVTYVPA,1063,1071,
1063,HVTYVPAQ,1064,1072,
1064,VTYVPAQE,1065,1073,
1065,TYVPAQEK,1066,1074,
1066,YVPAQEKN,1067,1075,
1067,VPAQEKNF,1068,1076,
1068,PAQEKNFT,1069,1077,
1069,AQEKNFTT,1070,1078,
1070,QEKNFTTA,1071,1079,
1071,EKNFTTAP,1072,1080,
1072,KNFTTAPA,1073,1081,
1073,NFTTAPAI,1074,1082,
1074,FTTAPAIC,1075,1083,
1075,TTAPAICH,1076,1084,
1076,TAPAICHD,1077,1085,
1077,APAICHDG,1078,1086,
1078,PAICHDGK,1079,1087,
1079,AICHDGKA,1080,1088,
1080,ICHDGKAH,1081,1089,
1081,CHDGKAHF,1082,1090,
1082,HDGKAHFP,1083,1091,
1083,DGKAHFPR,1084,1092,
1084,GKAHFPRE,1085,1093,
1085,KAHFPREG,1086,1094,
1086,AHFPREGV,1087,1095,
1087,HFPREGVF,1088,1096,
1088,FPREGVFV,1089,1097,
1089,PREGVFVS,1090,1098,
1090,REGVFVSN,1091,1099,
1091,EGVFVSNG,1092,1100,
1092,GVFVSNGT,1093,1101,
1093,VFVSNGTH,1094,1102,
1094,FVSNGTHW,1095,1103,
1095,VSNGTHWF,1096,1104,
1096,SNGTHWFV,1097,1105,
1097,NGTHWFVT,1098,1106,
1098,GTHWFVTQ,1099,1107,
1099,THWFVTQR,1100,1108,
1100,HWFVTQRN,1101,1109,
1101,WFVTQRNF,1102,1110,
1102,FVTQRNFY,1103,1111,
1103,VTQRNFYE,1104,1112,
1104,TQRNFYEP,1105,1113,
1105,QRNFYEPQ,1106,1114,
1106,RNFYEPQI,1107,1115,
1107,NFYEPQII,1108,1116,
1108,FYEPQIIT,1109,1117,
1109,YEPQIITT,1110,1118,
1110,EPQIITTD,1111,1119,
1111,PQIITTDN,1112,1120,
1112,QIITTDNT,1113,1121,
1113,IITTDNTF,1114,1122,
1114,ITTDNTFV,1115,1123,
1115,TTDNTFVS,1116,1124,
1116,TDNTFVSG,1117,1125,
1117,DNTFVSGN,1118,1126,
1118,NTFVSGNC,1119,1127,
1119,TFVSGNCD,1120,1128,
1120,FVSGNCDV,1121,1129,
1121,VSGNCDVV,1122,1130,
1122,SGNCDVVI,1123,1131,
1123,GNCDVVIG,1124,1132,
1124,NCDVVIGI,1125,1133,
1125,CDVVIGIV,1126,1134,
1126,DVVIGIVN,1127,1135,
1127,VVIGIVNN,1128,1136,
1128,VIGIVNNT,1129,1137,
1129,IGIVNNTV,1130,1138,
1130,GIVNNTVY,1131,1139,
1131,IVNNTVYD,1132,1140,
1132,VNNTVYDP,1133,1141,
1133,NNTVYDPL,1134,1142,
1134,NTVYDPLQ,1135,1143,
1135,TVYDPLQP,1136,1144,
1136,VYDPLQPE,1137,1145,
1137,YDPLQPEL,1138,1146,
1138,DPLQPELD,1139,1147,
1139,PLQPELDS,1140,1148,
1140,LQPELDSF,1141,1149,
1141,QPELDSFK,1142,1150,
1142,PELDSFKE,1143,1151,
1143,ELDSFKEE,1144,1152,
1144,LDSFKEEL,1145,1153,
1145,DSFKEELD,1146,1154,
1146,SFKEELDK,1147,1155,
1147,FKEELDKY,1148,1156,
1148,KEELDKYF,1149,1157,
1149,EELDKYFK,1150,1158,
1150,ELDKYFKN,1151,1159,
1151,LDKYFKNH,1152,1160,
1152,DKYFKNHT,1153,1161,
1153,KYFKNHTS,1154,1162,
1154,YFKNHTSP,1155,1163,
1155,FKNHTSPD,1156,1164,
1156,KNHTSPDV,1157,1165,
1157,NHTSPDVD,1158,1166,
1158,HTSPDVDL,1159,1167,
1159,TSPDVDLG,1160,1168,
1160,SPDVDLGD,1161,1169,
1161,PDVDLGDI,1162,1170,
1162,DVDLGDIS,1163,1171,
1163,VDLGDISG,1164,1172,
1164,DLGDISGI,1165,1173,
1165,LGDISGIN,1166,1174,
1166,GDISGINA,1167,1175,
1167,DISGINAS,1168,1176,
1168,ISGINASV,1169,1177,
1169,SGINASVV,1170,1178,
1170,GINASVVN,1171,1179,
1171,INASVVNI,1172,1180,
1172,NASVVNIQ,1173,1181,
1173,ASVVNIQK,1174,1182,
1174,SVVNIQKE,1175,1183,
1175,VVNIQKEI,1176,1184,
1176,VNIQKEID,1177,1185,
1177,NIQKEIDR,1178,1186,
1178,IQKEIDRL,1179,1187,
1179,QKEIDRLN,1180,1188,
1180,KEIDRLNE,1181,1189,
1181,EIDRLNEV,1182,1190,
1182,IDRLNEVA,1183,1191,
1183,DRLNEVAK,1184,1192,
1184,RLNEVAKN,1185,1193,
1185,LNEVAKNL,1186,1194,
1186,NEVAKNLN,1187,1195,
1187,EVAKNLNE,1188,1196,
1188,VAKNLNES,1189,1197,
1189,AKNLNESL,1190,1198,
1190,KNLNESLI,1191,1199,
1191,NLNESLID,1192,1200,
1192,LNESLIDL,1193,1201,
1193,NESLIDLQ,1194,1202,
1194,ESLIDLQE,1195,1203,
1195,SLIDLQEL,1196,1204,
1196,LIDLQELG,1197,1205,
1197,IDLQELGK,1198,1206,
1198,DLQELGKY,1199,1207,
1199,LQELGKYE,1200,1208,
1200,QELGKYEQ,1201,1209,
1201,ELGKYEQY,1202,1210,
1202,LGKYEQYI,1203,1211,
1203,GKYEQYIK,1204,1212,
1204,KYEQYIKW,1205,1213,
1205,YEQYIKWP,1206,1214,
1206,EQYIKWPW,1207,1215,
1207,QYIKWPWY,1208,1216,
1208,YIKWPWYI,1209,1217,
1209,IKWPWYIW,1210,1218,
1210,KWPWYIWL,1211,1219,
1211,WPWYIWLG,1212,1220,
1212,PWYIWLGF,1213,1221,
1213,WYIWLGFI,1214,1222,
1214,YIWLGFIA,1215,1223,
1215,IWLGFIAG,1216,1224,
1216,WLGFIAGL,1217,1225,
1217,LGFIAGLI,1218,1226,
1218,GFIAGLIA,1219,1227,
1219,FIAGLIAI,1220,1228,
1220,IAGLIAIV,1221,1229,
1221,AGLIAIVM,1222,1230,
1222,GLIAIVMV,1223,1231,
1223,LIAIVMVT,1224,1232,
1224,IAIVMVTI,1225,1233,
1225,AIVMVTIM,1226,1234,
1226,IVMVTIML,1227,1235,
1227,VMVTIMLC,1228,1236,
1228,MVTIMLCC,1229,1237,
1229,VTIMLCCM,1230,1238,
1230,TIMLCCMT,1231,1239,
1231,IMLCCMTS,1232,1240,
1232,MLCCMTSC,1233,1241,
1233,LCCMTSCC,1234,1242,
1234,CCMTSCCS,1235,1243,
1235,CMTSCCSC,1236,1244,
1236,MTSCCSCL,1237,1245,
1237,TSCCSCLK,1238,1246,
1238,SCCSCLKG,1239,1247,
1239,CCSCLKGC,1240,1248,
1240,CSCLKGCC,1241,1249,
1241,SCLKGCCS,1242,1250,
1242,CLKGCCSC,1243,1251,
1243,LKGCCSCG,1244,1252,
1244,KGCCSCGS,1245,1253,
1245,GCCSCGSC,1246,1254,
1246,CCSCGSCC,1247,1255,
1247,CSCGSCCK,1248,1256,
1248,SCGSCCKF,1249,1257,
1249,CGSCCKFD,1250,1258,
1250,GSCCKFDE,1251,1259,
1251,SCCKFDED,1252,1260,
1252,CCKFDEDD,1253,1261,
1253,CKFDEDDS,1254,1262,
1254,KFDEDDSE,1255,1263,
1255,FDEDDSEP,1256,1264,
1256,DEDDSEPV,1257,1265,
1257,EDDSEPVL,1258,1266,
1258,DDSEPVLK,1259,1267,
1259,DSEPVLKG,1260,1268,
1260,SEPVLKGV,1261,1269,
1261,EPVLKGVK,1262,1270,
1262,PVLKGVKL,1263,1271,
1263,VLKGVKLH,1264,1272,
1264,LKGVKLHY,1265,1273,
1265,MFVFLVLLP,1,10,
1266,FVFLVLLPL,2,11,
1267,VFLVLLPLV,3,12,
1268,FLVLLPLVS,4,13,
1269,LVLLPLVSS,5,14,
1270,VLLPLVSSQ,6,15,
1271,LLPLVSSQC,7,16,
1272,LPLVSSQCV,8,17,
1273,PLVSSQCVN,9,18,
1274,LVSSQCVNL,10,19,
1275,VSSQCVNLT,11,20,
1276,SSQCVNLTT,12,21,
1277,SQCVNLTTR,13,22,
1278,QCVNLTTRT,14,23,
1279,CVNLTTRTQ,15,24,
1280,VNLTTRTQL,16,25,
1281,NLTTRTQLP,17,26,
1282,LTTRTQLPP,18,27,
1283,TTRTQLPPA,19,28,
1284,TRTQLPPAY,20,29,
1285,RTQLPPAYT,21,30,
1286,TQLPPAYTN,22,31,
1287,QLPPAYTNS,23,32,
1288,LPPAYTNSF,24,33,
1289,PPAYTNSFT,25,34,
1290,PAYTNSFTR,26,35,
1291,AYTNSFTRG,27,36,
1292,YTNSFTRGV,28,37,
1293,TNSFTRGVY,29,38,
1294,NSFTRGVYY,30,39,
1295,SFTRGVYYP,31,40,
1296,FTRGVYYPD,32,41,
1297,TRGVYYPDK,33,42,
1298,RGVYYPDKV,34,43,
1299,GVYYPDKVF,35,44,
1300,VYYPDKVFR,36,45,
1301,YYPDKVFRS,37,46,
1302,YPDKVFRSS,38,47,
1303,PDKVFRSSV,39,48,
1304,DKVFRSSVL,40,49,
1305,KVFRSSVLH,41,50,
1306,VFRSSVLHS,42,51,
1307,FRSSVLHST,43,52,
1308,RSSVLHSTQ,44,53,
1309,SSVLHSTQD,45,54,
1310,SVLHSTQDL,46,55,
1311,VLHSTQDLF,47,56,
1312,LHSTQDLFL,48,57,
1313,HSTQDLFLP,49,58,
1314,STQDLFLPF,50,59,
1315,TQDLFLPFF,51,60,
1316,QDLFLPFFS,52,61,
1317,DLFLPFFSN,53,62,
1318,LFLPFFSNV,54,63,
1319,FLPFFSNVT,55,64,
1320,LPFFSNVTW,56,65,
1321,PFFSNVTWF,57,66,
1322,FFSNVTWFH,58,67,
1323,FSNVTWFHA,59,68,
1324,SNVTWFHAI,60,69,
1325,NVTWFHAIH,61,70,
1326,VTWFHAIHV,62,71,
1327,TWFHAIHVS,63,72,
1328,WFHAIHVSG,64,73,
1329,FHAIHVSGT,65,74,
1330,HAIHVSGTN,66,75,
1331,AIHVSGTNG,67,76,
1332,IHVSGTNGT,68,77,
1333,HVSGTNGTK,69,78,
1334,VSGTNGTKR,70,79,
1335,SGTNGTKRF,71,80,
1336,GTNGTKRFD,72,81,
1337,TNGTKRFDN,73,82,
1338,NGTKRFDNP,74,83,
1339,GTKRFDNPV,75,84,
1340,TKRFDNPVL,76,85,
1341,KRFDNPVLP,77,86,
1342,RFDNPVLPF,78,87,
1343,FDNPVLPFN,79,88,
1344,DNPVLPFND,80,89,
1345,NPVLPFNDG,81,90,
1346,PVLPFNDGV,82,91,
1347,VLPFNDGVY,83,92,
1348,LPFNDGVYF,84,93,
1349,PFNDGVYFA,85,94,
1350,FNDGVYFAS,86,95,
1351,NDGVYFAST,87,96,
1352,DGVYFASTE,88,97,
1353,GVYFASTEK,89,98,
1354,VYFASTEKS,90,99,
1355,YFASTEKSN,91,100,
1356,FASTEKSNI,92,101,
1357,ASTEKSNII,93,102,
1358,STEKSNIIR,94,103,
1359,TEKSNIIRG,95,104,
1360,EKSNIIRGW,96,105,
1361,KSNIIRGWI,97,106,
1362,SNIIRGWIF,98,107,
1363,NIIRGWIFG,99,108,
1364,IIRGWIFGT,100,109,
1365,IRGWIFGTT,101,110,
1366,RGWIFGTTL,102,111,
1367,GWIFGTTLD,103,112,
1368,WIFGTTLDS,104,113,
1369,IFGTTLDSK,105,114,
1370,FGTTLDSKT,106,115,
1371,GTTLDSKTQ,107,116,
1372,TTLDSKTQS,108,117,
1373,TLDSKTQSL,109,118,
1374,LDSKTQSLL,110,119,
1375,DSKTQSLLI,111,120,
1376,SKTQSLLIV,112,121,
1377,KTQSLLIVN,113,122,
1378,TQSLLIVNN,114,123,
1379,QSLLIVNNA,115,124,
1380,SLLIVNNAT,116,125,
1381,LLIVNNATN,117,126,
1382,LIVNNATNV,118,127,
1383,IVNNATNVV,119,128,
1384,VNNATNVVI,120,129,
1385,NNATNVVIK,121,130,
1386,NATNVVIKV,122,131,
1387,ATNVVIKVC,123,132,
1388,TNVVIKVCE,124,133,
1389,NVVIKVCEF,125,134,
1390,VVIKVCEFQ,126,135,
1391,VIKVCEFQF,127,136,
1392,IKVCEFQFC,128,137,
1393,KVCEFQFCN,129,138,
1394,VCEFQFCND,130,139,
1395,CEFQFCNDP,131,140,
1396,EFQFCNDPF,132,141,
1397,FQFCNDPFL,133,142,
1398,QFCNDPFLG,134,143,
1399,FCNDPFLGV,135,144,
1400,CNDPFLGVY,136,145,
1401,NDPFLGVYY,137,146,
1402,DPFLGVYYH,138,147,
1403,PFLGVYYHK,139,148,
1404,FLGVYYHKN,140,149,
1405,LGVYYHKNN,141,150,
1406,GVYYHKNNK,142,151,
1407,VYYHKNNKS,143,152,
1408,YYHKNNKSW,144,153,
1409,YHKNNKSWM,145,154,
1410,HKNNKSWME,146,155,
1411,KNNKSWMES,147,156,
1412,NNKSWMESE,148,157,
1413,NKSWMESEF,149,158,
1414,KSWMESEFR,150,159,
1415,SWMESEFRV,151,160,
1416,WMESEFRVY,152,161,
1417,MESEFRVYS,153,162,
1418,ESEFRVYSS,154,163,
1419,SEFRVYSSA,155,164,
1420,EFRVYSSAN,156,165,
1421,FRVYSSANN,157,166,
1422,RVYSSANNC,158,167,
1423,VYSSANNCT,159,168,
1424,YSSANNCTF,160,169,
1425,SSANNCTFE,161,170,
1426,SANNCTFEY,162,171,
1427,ANNCTFEYV,163,172,
1428,NNCTFEYVS,164,173,
1429,NCTFEYVSQ,165,174,
1430,CTFEYVSQP,166,175,
1431,TFEYVSQPF,167,176,
1432,FEYVSQPFL,168,177,
1433,EYVSQPFLM,169,178,
1434,YVSQPFLMD,170,179,
1435,VSQPFLMDL,171,180,
1436,SQPFLMDLE,172,181,
1437,QPFLMDLEG,173,182,
1438,PFLMDLEGK,174,183,
1439,FLMDLEGKQ,175,184,
1440,LMDLEGKQG,176,185,
1441,MDLEGKQGN,177,186,
1442,DLEGKQGNF,178,187,
1443,LEGKQGNFK,179,188,
1444,EGKQGNFKN,180,189,
1445,GKQGNFKNL,181,190,
1446,KQGNFKNLR,182,191,
1447,QGNFKNLRE,183,192,
1448,GNFKNLREF,184,193,
1449,NFKNLREFV,185,194,
1450,FKNLREFVF,186,195,
1451,KNLREFVFK,187,196,
1452,NLREFVFKN,188,197,
1453,LREFVFKNI,189,198,
1454,REFVFKNID,190,199,
1455,EFVFKNIDG,191,200,
1456,FVFKNIDGY,192,201,
1457,VFKNIDGYF,193,202,
1458,FKNIDGYFK,194,203,
1459,KNIDGYFKI,195,204,
1460,NIDGYFKIY,196,205,
1461,IDGYFKIYS,197,206,
1462,DGYFKIYSK,198,207,
1463,GYFKIYSKH,199,208,
1464,YFKIYSKHT,200,209,
1465,FKIYSKHTP,201,210,
1466,KIYSKHTPI,202,211,
1467,IYSKHTPIN,203,212,
1468,YSKHTPINL,204,213,
1469,SKHTPINLV,205,214,
1470,KHTPINLVR,206,215,
1471,HTPINLVRD,207,216,
1472,TPINLVRDL,208,217,
1473,PINLVRDLP,209,218,
1474,INLVRDLPQ,210,219,
1475,NLVRDLPQG,211,220,
1476,LVRDLPQGF,212,221,
1477,VRDLPQGFS,213,222,
1478,RDLPQGFSA,214,223,
1479,DLPQGFSAL,215,224,
1480,LPQGFSALE,216,225,
1481,PQGFSALEP,217,226,
1482,QGFSALEPL,218,227,
1483,GFSALEPLV,219,228,
1484,FSALEPLVD,220,229,
1485,SALEPLVDL,221,230,
1486,ALEPLVDLP,222,231,
1487,LEPLVDLPI,223,232,
1488,EPLVDLPIG,224,233,
1489,PLVDLPIGI,225,234,
1490,LVDLPIGIN,226,235,
1491,VDLPIGINI,227,236,
1492,DLPIGINIT,228,237,
1493,LPIGINITR,229,238,
1494,PIGINITRF,230,239,
1495,IGINITRFQ,231,240,
1496,GINITRFQT,232,241,
1497,INITRFQTL,233,242,
1498,NITRFQTLL,234,243,
1499,ITRFQTLLA,235,244,
1500,TRFQTLLAL,236,245,
1501,RFQTLLALH,237,246,
1502,FQTLLALHR,238,247,
1503,QTLLALHRS,239,248,
1504,TLLALHRSY,240,249,
1505,LLALHRSYL,241,250,
1506,LALHRSYLT,242,251,
1507,ALHRSYLTP,243,252,
1508,LHRSYLTPG,244,253,
1509,HRSYLTPGD,245,254,
1510,RSYLTPGDS,246,255,
1511,SYLTPGDSS,247,256,
1512,YLTPGDSSS,248,257,
1513,LTPGDSSSG,249,258,
1514,TPGDSSSGW,250,259,
1515,PGDSSSGWT,251,260,
1516,GDSSSGWTA,252,261,
1517,DSSSGWTAG,253,262,
1518,SSSGWTAGA,254,263,
1519,SSGWTAGAA,255,264,
1520,SGWTAGAAA,256,265,
1521,GWTAGAAAY,257,266,
1522,WTAGAAAYY,258,267,
1523,TAGAAAYYV,259,268,
1524,AGAAAYYVG,260,269,
1525,GAAAYYVGY,261,270,
1526,AAAYYVGYL,262,271,
1527,AAYYVGYLQ,263,272,
1528,AYYVGYLQP,264,273,
1529,YYVGYLQPR,265,274,
1530,YVGYLQPRT,266,275,
1531,VGYLQPRTF,267,276,
1532,GYLQPRTFL,268,277,
1533,YLQPRTFLL,269,278,
1534,LQPRTFLLK,270,279,
1535,QPRTFLLKY,271,280,
1536,PRTFLLKYN,272,281,
1537,RTFLLKYNE,273,282,
1538,TFLLKYNEN,274,283,
1539,FLLKYNENG,275,284,
1540,LLKYNENGT,276,285,
1541,LKYNENGTI,277,286,
1542,KYNENGTIT,278,287,
1543,YNENGTITD,279,288,
1544,NENGTITDA,280,289,
1545,ENGTITDAV,281,290,
1546,NGTITDAVD,282,291,
1547,GTITDAVDC,283,292,
1548,TITDAVDCA,284,293,
1549,ITDAVDCAL,285,294,
1550,TDAVDCALD,286,295,
1551,DAVDCALDP,287,296,
1552,AVDCALDPL,288,297,
1553,VDCALDPLS,289,298,
1554,DCALDPLSE,290,299,
1555,CALDPLSET,291,300,
1556,ALDPLSETK,292,301,
1557,LDPLSETKC,293,302,
1558,DPLSETKCT,294,303,
1559,PLSETKCTL,295,304,
1560,LSETKCTLK,296,305,
1561,SETKCTLKS,297,306,
1562,ETKCTLKSF,298,307,
1563,TKCTLKSFT,299,308,
1564,KCTLKSFTV,300,309,
1565,CTLKSFTVE,301,310,
1566,TLKSFTVEK,302,311,
1567,LKSFTVEKG,303,312,
1568,KSFTVEKGI,304,313,
1569,SFTVEKGIY,305,314,
1570,FTVEKGIYQ,306,315,
1571,TVEKGIYQT,307,316,
1572,VEKGIYQTS,308,317,
1573,EKGIYQTSN,309,318,
1574,KGIYQTSNF,310,319,
1575,GIYQTSNFR,311,320,
1576,IYQTSNFRV,312,321,
1577,YQTSNFRVQ,313,322,
1578,QTSNFRVQP,314,323,
1579,TSNFRVQPT,315,324,
1580,SNFRVQPTE,316,325,
1581,NFRVQPTES,317,326,
1582,FRVQPTESI,318,327,
1583,RVQPTESIV,319,328,
1584,VQPTESIVR,320,329,
1585,QPTESIVRF,321,330,
1586,PTESIVRFP,322,331,
1587,TESIVRFPN,323,332,
1588,ESIVRFPNI,324,333,
1589,SIVRFPNIT,325,334,
1590,IVRFPNITN,326,335,
1591,VRFPNITNL,327,336,
1592,RFPNITNLC,328,337,
1593,FPNITNLCP,329,338,
1594,PNITNLCPF,330,339,
1595,NITNLCPFG,331,340,
1596,ITNLCPFGE,332,341,
1597,TNLCPFGEV,333,342,
1598,NLCPFGEVF,334,343,
1599,LCPFGEVFN,335,344,
1600,CPFGEVFNA,336,345,
1601,PFGEVFNAT,337,346,
1602,FGEVFNATR,338,347,
1603,GEVFNATRF,339,348,
1604,EVFNATRFA,340,349,
1605,VFNATRFAS,341,350,
1606,FNATRFASV,342,351,
1607,NATRFASVY,343,352,
1608,ATRFASVYA,344,353,
1609,TRFASVYAW,345,354,
1610,RFASVYAWN,346,355,
1611,FASVYAWNR,347,356,
1612,ASVYAWNRK,348,357,
1613,SVYAWNRKR,349,358,
1614,VYAWNRKRI,350,359,
1615,YAWNRKRIS,351,360,
1616,AWNRKRISN,352,361,
1617,WNRKRISNC,353,362,
1618,NRKRISNCV,354,363,
1619,RKRISNCVA,355,364,
1620,KRISNCVAD,356,365,
1621,RISNCVADY,357,366,
1622,ISNCVADYS,358,367,
1623,SNCVADYSV,359,368,
1624,NCVADYSVL,360,369,
1625,CVADYSVLY,361,370,
1626,VADYSVLYN,362,371,
1627,ADYSVLYNS,363,372,
1628,DYSVLYNSA,364,373,
1629,YSVLYNSAS,365,374,
1630,SVLYNSASF,366,375,
1631,VLYNSASFS,367,376,
1632,LYNSASFST,368,377,
1633,YNSASFSTF,369,378,
1634,NSASFSTFK,370,379,
1635,SASFSTFKC,371,380,
1636,ASFSTFKCY,372,381,
1637,SFSTFKCYG,373,382,
1638,FSTFKCYGV,374,383,
1639,STFKCYGVS,375,384,
1640,TFKCYGVSP,376,385,
1641,FKCYGVSPT,377,386,
1642,KCYGVSPTK,378,387,
1643,CYGVSPTKL,379,388,
1644,YGVSPTKLN,380,389,
1645,GVSPTKLND,381,390,
1646,VSPTKLNDL,382,391,
1647,SPTKLNDLC,383,392,
1648,PTKLNDLCF,384,393,
1649,TKLNDLCFT,385,394,
1650,KLNDLCFTN,386,395,
1651,LNDLCFTNV,387,396,
1652,NDLCFTNVY,388,397,
1653,DLCFTNVYA,389,398,
1654,LCFTNVYAD,390,399,
1655,CFTNVYADS,391,400,
1656,FTNVYADSF,392,401,
1657,TNVYADSFV,393,402,
1658,NVYADSFVI,394,403,
1659,VYADSFVIR,395,404,
1660,YADSFVIRG,396,405,
1661,ADSFVIRGD,397,406,
1662,DSFVIRGDE,398,407,
1663,SFVIRGDEV,399,408,
1664,FVIRGDEVR,400,409,
1665,VIRGDEVRQ,401,410,
1666,IRGDEVRQI,402,411,
1667,RGDEVRQIA,403,412,
1668,GDEVRQIAP,404,413,
1669,DEVRQIAPG,405,414,
1670,EVRQIAPGQ,406,415,
1671,VRQIAPGQT,407,416,
1672,RQIAPGQTG,408,417,
1673,QIAPGQTGK,409,418,
1674,IAPGQTGKI,410,419,
1675,APGQTGKIA,411,420,
1676,PGQTGKIAD,412,421,
1677,GQTGKIADY,413,422,
1678,QTGKIADYN,414,423,
1679,TGKIADYNY,415,424,
1680,GKIADYNYK,416,425,
1681,KIADYNYKL,417,426,
1682,IADYNYKLP,418,427,
1683,ADYNYKLPD,419,428,
1684,DYNYKLPDD,420,429,
1685,YNYKLPDDF,421,430,
1686,NYKLPDDFT,422,431,
1687,YKLPDDFTG,423,432,
1688,KLPDDFTGC,424,433,
1689,LPDDFTGCV,425,434,
1690,PDDFTGCVI,426,435,
1691,DDFTGCVIA,427,436,
1692,DFTGCVIAW,428,437,
1693,FTGCVIAWN,429,438,
1694,TGCVIAWNS,430,439,
1695,GCVIAWNSN,431,440,
1696,CVIAWNSNN,432,441,
1697,VIAWNSNNL,433,442,
1698,IAWNSNNLD,434,443,
1699,AWNSNNLDS,435,444,
1700,WNSNNLDSK,436,445,
1701,NSNNLDSKV,437,446,
1702,SNNLDSKVG,438,447,
1703,NNLDSKVGG,439,448,
1704,NLDSKVGGN,440,449,
1705,LDSKVGGNY,441,450,
1706,DSKVGGNYN,442,451,
1707,SKVGGNYNY,443,452,
1708,KVGGNYNYL,444,453,
1709,VGGNYNYLY,445,454,
1710,GGNYNYLYR,446,455,
1711,GNYNYLYRL,447,456,
1712,NYNYLYRLF,448,457,
1713,YNYLYRLFR,449,458,
1714,NYLYRLFRK,450,459,
1715,YLYRLFRKS,451,460,
1716,LYRLFRKSN,452,461,
1717,YRLFRKSNL,453,462,
1718,RLFRKSNLK,454,463,
1719,LFRKSNLKP,455,464,
1720,FRKSNLKPF,456,465,
1721,RKSNLKPFE,457,466,
1722,KSNLKPFER,458,467,
1723,SNLKPFERD,459,468,
1724,NLKPFERDI,460,469,
1725,LKPFERDIS,461,470,
1726,KPFERDIST,462,471,
1727,PFERDISTE,463,472,
1728,FERDISTEI,464,473,
1729,ERDISTEIY,465,474,
1730,RDISTEIYQ,466,475,
1731,DISTEIYQA,467,476,
1732,ISTEIYQAG,468,477,
1733,STEIYQAGS,469,478,
1734,TEIYQAGST,470,479,
1735,EIYQAGSTP,471,480,
1736,IYQAGSTPC,472,481,
1737,YQAGSTPCN,473,482,
1738,QAGSTPCNG,474,483,
1739,AGSTPCNGV,475,484,
1740,GSTPCNGVE,476,485,
1741,STPCNGVEG,477,486,
1742,TPCNGVEGF,478,487,
1743,PCNGVEGFN,479,488,
1744,CNGVEGFNC,480,489,
1745,NGVEGFNCY,481,490,
1746,GVEGFNCYF,482,491,
1747,VEGFNCYFP,483,492,
1748,EGFNCYFPL,484,493,
1749,GFNCYFPLQ,485,494,
1750,FNCYFPLQS,486,495,
1751,NCYFPLQSY,487,496,
1752,CYFPLQSYG,488,497,
1753,YFPLQSYGF,489,498,
1754,FPLQSYGFQ,490,499,
1755,PLQSYGFQP,491,500,
1756,LQSYGFQPT,492,501,
1757,QSYGFQPTN,493,502,
1758,SYGFQPTNG,494,503,
1759,YGFQPTNGV,495,504,
1760,GFQPTNGVG,496,505,
1761,FQPTNGVGY,497,506,
1762,QPTNGVGYQ,498,507,
1763,PTNGVGYQP,499,508,
1764,TNGVGYQPY,500,509,
1765,NGVGYQPYR,501,510,
1766,GVGYQPYRV,502,511,
1767,VGYQPYRVV,503,512,
1768,GYQPYRVVV,504,513,
1769,YQPYRVVVL,505,514,
1770,QPYRVVVLS,506,515,
1771,PYRVVVLSF,507,516,
1772,YRVVVLSFE,508,517,
1773,RVVVLSFEL,509,518,
1774,VVVLSFELL,510,519,
1775,VVLSFELLH,511,520,
1776,VLSFELLHA,512,521,
1777,LSFELLHAP,513,522,
1778,SFELLHAPA,514,523,
1779,FELLHAPAT,515,524,
1780,ELLHAPATV,516,525,
1781,LLHAPATVC,517,526,
1782,LHAPATVCG,518,527,
1783,HAPATVCGP,519,528,
1784,APATVCGPK,520,529,
1785,PATVCGPKK,521,530,
1786,ATVCGPKKS,522,531,
1787,TVCGPKKST,523,532,
1788,VCGPKKSTN,524,533,
1789,CGPKKSTNL,525,534,
1790,GPKKSTNLV,526,535,
1791,PKKSTNLVK,527,536,
1792,KKSTNLVKN,528,537,
1793,KSTNLVKNK,529,538,
1794,STNLVKNKC,530,539,
1795,TNLVKNKCV,531,540,
1796,NLVKNKCVN,532,541,
1797,LVKNKCVNF,533,542,
1798,VKNKCVNFN,534,543,
1799,KNKCVNFNF,535,544,
1800,NKCVNFNFN,536,545,
1801,KCVNFNFNG,537,546,
1802,CVNFNFNGL,538,547,
1803,VNFNFNGLT,539,548,
1804,NFNFNGLTG,540,549,
1805,FNFNGLTGT,541,550,
1806,NFNGLTGTG,542,551,
1807,FNGLTGTGV,543,552,
1808,NGLTGTGVL,544,553,
1809,GLTGTGVLT,545,554,
1810,LTGTGVLTE,546,555,
1811,TGTGVLTES,547,556,
1812,GTGVLTESN,548,557,
1813,TGVLTESNK,549,558,
1814,GVLTESNKK,550,559,
1815,VLTESNKKF,551,560,
1816,LTESNKKFL,552,561,
1817,TESNKKFLP,553,562,
1818,ESNKKFLPF,554,563,
1819,SNKKFLPFQ,555,564,
1820,NKKFLPFQQ,556,565,
1821,KKFLPFQQF,557,566,
1822,KFLPFQQFG,558,567,
1823,FLPFQQFGR,559,568,
1824,LPFQQFGRD,560,569,
1825,PFQQFGRDI,561,570,
1826,FQQFGRDIA,562,571,
1827,QQFGRDIAD,563,572,
1828,QFGRDIADT,564,573,
1829,FGRDIADTT,565,574,
1830,GRDIADTTD,566,575,
1831,RDIADTTDA,567,576,
1832,DIADTTDAV,568,577,
1833,IADTTDAVR,569,578,
1834,ADTTDAVRD,570,579,
1835,DTTDAVRDP,571,580,
1836,TTDAVRDPQ,572,581,
1837,TDAVRDPQT,573,582,
1838,DAVRDPQTL,574,583,
1839,AVRDPQTLE,575,584,
1840,VRDPQTLEI,576,585,
1841,RDPQTLEIL,577,586,
1842,DPQTLEILD,578,587,
1843,PQTLEILDI,579,588,
1844,QTLEILDIT,580,589,
1845,TLEILDITP,581,590,
1846,LEILDITPC,582,591,
1847,EILDITPCS,583,592,
1848,ILDITPCSF,584,593,
1849,LDITPCSFG,585,594,
1850,DITPCSFGG,586,595,
1851,ITPCSFGGV,587,596,
1852,TPCSFGGVS,588,597,
1853,PCSFGGVSV,589,598,
1854,CSFGGVSVI,590,599,
1855,SFGGVSVIT,591,600,
1856,FGGVSVITP,592,601,
1857,GGVSVITPG,593,602,
1858,GVSVITPGT,594,603,
1859,VSVITPGTN,595,604,
1860,SVITPGTNT,596,605,
1861,VITPGTNTS,597,606,
1862,ITPGTNTSN,598,607,
1863,TPGTNTSNQ,599,608,
1864,PGTNTSNQV,600,609,
1865,GTNTSNQVA,601,610,
1866,TNTSNQVAV,602,611,
1867,NTSNQVAVL,603,612,
1868,TSNQVAVLY,604,613,
1869,SNQVAVLYQ,605,614,
1870,NQVAVLYQD,606,615,
1871,QVAVLYQDV,607,616,
1872,VAVLYQDVN,608,617,
1873,AVLYQDVNC,609,618,
1874,VLYQDVNCT,610,619,
1875,LYQDVNCTE,611,620,
1876,YQDVNCTEV,612,621,
1877,QDVNCTEVP,613,622,
1878,DVNCTEVPV,614,623,
1879,VNCTEVPVA,615,624,
1880,NCTEVPVAI,616,625,
1881,CTEVPVAIH,617,626,
1882,TEVPVAIHA,618,627,
1883,EVPVAIHAD,619,628,
1884,VPVAIHADQ,620,629,
1885,PVAIHADQL,621,630,
1886,VAIHADQLT,622,631,
1887,AIHADQLTP,623,632,
1888,IHADQLTPT,624,633,
1889,HADQLTPTW,625,634,
1890,ADQLTPTWR,626,635,
1891,DQLTPTWRV,627,636,
1892,QLTPTWRVY,628,637,
1893,LTPTWRVYS,629,638,
1894,TPTWRVYST,630,639,
1895,PTWRVYSTG,631,640,
1896,TWRVYSTGS,632,641,
1897,WRVYSTGSN,633,642,
1898,RVYSTGSNV,634,643,
1899,VYSTGSNVF,635,644,
1900,YSTGSNVFQ,636,645,
1901,STGSNVFQT,637,646,
1902,TGSNVFQTR,638,647,
1903,GSNVFQTRA,639,648,
1904,SNVFQTRAG,640,649,
1905,NVFQTRAGC,641,650,
1906,VFQTRAGCL,642,651,
1907,FQTRAGCLI,643,652,
1908,QTRAGCLIG,644,653,
1909,TRAGCLIGA,645,654,
1910,RAGCLIGAE,646,655,
1911,AGCLIGAEH,647,656,
1912,GCLIGAEHV,648,657,
1913,CLIGAEHVN,649,658,
1914,LIGAEHVNN,650,659,
1915,IGAEHVNNS,651,660,
1916,GAEHVNNSY,652,661,
1917,AEHVNNSYE,653,662,
1918,EHVNNSYEC,654,663,
1919,HVNNSYECD,655,664,
1920,VNNSYECDI,656,665,
1921,NNSYECDIP,657,666,
1922,NSYECDIPI,658,667,
1923,SYECDIPIG,659,668,
1924,YECDIPIGA,660,669,
1925,ECDIPIGAG,661,670,
1926,CDIPIGAGI,662,671,
1927,DIPIGAGIC,663,672,
1928,IPIGAGICA,664,673,
1929,PIGAGICAS,665,674,
1930,IGAGICASY,666,675,
1931,GAGICASYQ,667,676,
1932,AGICASYQT,668,677,
1933,GICASYQTQ,669,678,
1934,ICASYQTQT,670,679,
1935,CASYQTQTN,671,680,
1936,ASYQTQTNS,672,681,
1937,SYQTQTNSP,673,682,
1938,YQTQTNSPR,674,683,
1939,QTQTNSPRR,675,684,
1940,TQTNSPRRA,676,685,
1941,QTNSPRRAR,677,686,
1942,TNSPRRARS,678,687,
1943,NSPRRARSV,679,688,
1944,SPRRARSVA,680,689,
1945,PRRARSVAS,681,690,
1946,RRARSVASQ,682,691,
1947,RARSVASQS,683,692,
1948,ARSVASQSI,684,693,
1949,RSVASQSII,685,694,
1950,SVASQSIIA,686,695,
1951,VASQSIIAY,687,696,
1952,ASQSIIAYT,688,697,
1953,SQSIIAYTM,689,698,
1954,QSIIAYTMS,690,699,
1955,SIIAYTMSL,691,700,
1956,IIAYTMSLG,692,701,
1957,IAYTMSLGA,693,702,
1958,AYTMSLGAE,694,703,
1959,YTMSLGAEN,695,704,
1960,TMSLGAENS,696,705,
1961,MSLGAENSV,697,706,
1962,SLGAENSVA,698,707,
1963,LGAENSVAY,699,708,
1964,GAENSVAYS,700,709,
1965,AENSVAYSN,701,710,
1966,ENSVAYSNN,702,711,
1967,NSVAYSNNS,703,712,
1968,SVAYSNNSI,704,713,
1969,VAYSNNSIA,705,714,
1970,AYSNNSIAI,706,715,
1971,YSNNSIAIP,707,716,
1972,SNNSIAIPT,708,717,
1973,NNSIAIPTN,709,718,
1974,NSIAIPTNF,710,719,
1975,SIAIPTNFT,711,720,
1976,IAIPTNFTI,712,721,
1977,AIPTNFTIS,713,722,
1978,IPTNFTISV,714,723,
1979,PTNFTISVT,715,724,
1980,TNFTISVTT,716,725,
1981,NFTISVTTE,717,726,
1982,FTISVTTEI,718,727,
1983,TISVTTEIL,719,728,
1984,ISVTTEILP,720,729,
1985,SVTTEILPV,721,730,
1986,VTTEILPVS,722,731,
1987,TTEILPVSM,723,732,
1988,TEILPVSMT,724,733,
1989,EILPVSMTK,725,734,
1990,ILPVSMTKT,726,735,
1991,LPVSMTKTS,727,736,
1992,PVSMTKTSV,728,737,
1993,VSMTKTSVD,729,738,
1994,SMTKTSVDC,730,739,
1995,MTKTSVDCT,731,740,
1996,TKTSVDCTM,732,741,
1997,KTSVDCTMY,733,742,
1998,TSVDCTMYI,734,743,
1999,SVDCTMYIC,735,744,
2000,VDCTMYICG,736,745,
2001,DCTMYICGD,737,746,
2002,CTMYICGDS,738,747,
2003,TMYICGDST,739,748,
2004,MYICGDSTE,740,749,
2005,YICGDSTEC,741,750,
2006,ICGDSTECS,742,751,
2007,CGDSTECSN,743,752,
2008,GDSTECSNL,744,753,
2009,DSTECSNLL,745,754,
2010,STECSNLLL,746,755,
2011,TECSNLLLQ,747,756,
2012,ECSNLLLQY,748,757,
2013,CSNLLLQYG,749,758,
2014,SNLLLQYGS,750,759,
2015,NLLLQYGSF,751,760,
2016,LLLQYGSFC,752,761,
2017,LLQYGSFCT,753,762,
2018,LQYGSFCTQ,754,763,
2019,QYGSFCTQL,755,764,
2020,YGSFCTQLN,756,765,
2021,GSFCTQLNR,757,766,
2022,SFCTQLNRA,758,767,
2023,FCTQLNRAL,759,768,
2024,CTQLNRALT,760,769,
2025,TQLNRALTG,761,770,
2026,QLNRALTGI,762,771,
2027,LNRALTGIA,763,772,
2028,NRALTGIAV,764,773,
2029,RALTGIAVE,765,774,
2030,ALTGIAVEQ,766,775,
2031,LTGIAVEQD,767,776,
2032,TGIAVEQDK,768,777,
2033,GIAVEQDKN,769,778,
2034,IAVEQDKNT,770,779,
2035,AVEQDKNTQ,771,780,
2036,VEQDKNTQE,772,781,
2037,EQDKNTQEV,773,782,
2038,QDKNTQEVF,774,783,
2039,DKNTQEVFA,775,784,
2040,KNTQEVFAQ,776,785,
2041,NTQEVFAQV,777,786,
2042,TQEVFAQVK,778,787,
2043,QEVFAQVKQ,779,788,
2044,EVFAQVKQI,780,789,
2045,VFAQVKQIY,781,790,
2046,FAQVKQIYK,782,791,
2047,AQVKQIYKT,783,792,
2048,QVKQIYKTP,784,793,
2049,VKQIYKTPP,785,794,
2050,KQIYKTPPI,786,795,
2051,QIYKTPPIK,787,796,
2052,IYKTPPIKD,788,797,
2053,YKTPPIKDF,789,798,
2054,KTPPIKDFG,790,799,
2055,TPPIKDFGG,791,800,
2056,PPIKDFGGF,792,801,
2057,PIKDFGGFN,793,802,
2058,IKDFGGFNF,794,803,
2059,KDFGGFNFS,795,804,
2060,DFGGFNFSQ,796,805,
2061,FGGFNFSQI,797,806,
2062,GGFNFSQIL,798,807,
2063,GFNFSQILP,799,808,
2064,FNFSQILPD,800,809,
2065,NFSQILPDP,801,810,
2066,FSQILPDPS,802,811,
2067,SQILPDPSK,803,812,
2068,QILPDPSKP,804,813,
2069,ILPDPSKPS,805,814,
2070,LPDPSKPSK,806,815,
2071,PDPSKPSKR,807,816,
2072,DPSKPSKRS,808,817,
2073,PSKPSKRSF,809,818,
2074,SKPSKRSFI,810,819,
2075,KPSKRSFIE,811,820,
2076,PSKRSFIED,812,821,
2077,SKRSFIEDL,813,822,
2078,KRSFIEDLL,814,823,
2079,RSFIEDLLF,815,824,
2080,SFIEDLLFN,816,825,
2081,FIEDLLFNK,817,826,
2082,IEDLLFNKV,818,827,
2083,EDLLFNKVT,819,828,
2084,DLLFNKVTL,820,829,
2085,LLFNKVTLA,821,830,
2086,LFNKVTLAD,822,831,
2087,FNKVTLADA,823,832,
2088,NKVTLADAG,824,833,
2089,KVTLADAGF,825,834,
2090,VTLADAGFI,826,835,
2091,TLADAGFIK,827,836,
2092,LADAGFIKQ,828,837,
2093,ADAGFIKQY,829,838,
2094,DAGFIKQYG,830,839,
2095,AGFIKQYGD,831,840,
2096,GFIKQYGDC,832,841,
2097,FIKQYGDCL,833,842,
2098,IKQYGDCLG,834,843,
2099,KQYGDCLGD,835,844,
2100,QYGDCLGDI,836,845,
2101,YGDCLGDIA,837,846,
2102,GDCLGDIAA,838,847,
2103,DCLGDIAAR,839,848,
2104,CLGDIAARD,840,849,
2105,LGDIAARDL,841,850,
2106,GDIAARDLI,842,851,
2107,DIAARDLIC,843,852,
2108,IAARDLICA,844,853,
2109,AARDLICAQ,845,854,
2110,ARDLICAQK,846,855,
2111,RDLICAQKF,847,856,
2112,DLICAQKFN,848,857,
2113,LICAQKFNG,849,858,
2114,ICAQKFNGL,850,859,
2115,CAQKFNGLT,851,860,
2116,AQKFNGLTV,852,861,
2117,QKFNGLTVL,853,862,
2118,KFNGLTVLP,854,863,
2119,FNGLTVLPP,855,864,
2120,NGLTVLPPL,856,865,
2121,GLTVLPPLL,857,866,
2122,LTVLPPLLT,858,867,
2123,TVLPPLLTD,859,868,
2124,VLPPLLTDE,860,869,
2125,LPPLLTDEM,861,870,
2126,PPLLTDEMI,862,871,
2127,PLLTDEMIA,863,872,
2128,LLTDEMIAQ,864,873,
2129,LTDEMIAQY,865,874,
2130,TDEMIAQYT,866,875,
2131,DEMIAQYTS,867,876,
2132,EMIAQYTSA,868,877,
2133,MIAQYTSAL,869,878,
2134,IAQYTSALL,870,879,
2135,AQYTSALLA,871,880,
2136,QYTSALLAG,872,881,
2137,YTSALLAGT,873,882,
2138,TSALLAGTI,874,883,
2139,SALLAGTIT,875,884,
2140,ALLAGTITS,876,885,
2141,LLAGTITSG,877,886,
2142,LAGTITSGW,878,887,
2143,AGTITSGWT,879,888,
2144,GTITSGWTF,880,889,
2145,TITSGWTFG,881,890,
2146,ITSGWTFGA,882,891,
2147,TSGWTFGAG,883,892,
2148,SGWTFGAGA,884,893,
2149,GWTFGAGAA,885,894,
2150,WTFGAGAAL,886,895,
2151,TFGAGAALQ,887,896,
2152,FGAGAALQI,888,897,
2153,GAGAALQIP,889,898,
2154,AGAALQIPF,890,899,
2155,GAALQIPFA,891,900,
2156,AALQIPFAM,892,901,
2157,ALQIPFAMQ,893,902,
2158,LQIPFAMQM,894,903,
2159,QIPFAMQMA,895,904,
2160,IPFAMQMAY,896,905,
2161,PFAMQMAYR,897,906,
2162,FAMQMAYRF,898,907,
2163,AMQMAYRFN,899,908,
2164,MQMAYRFNG,900,909,
2165,QMAYRFNGI,901,910,
2166,MAYRFNGIG,902,911,
2167,AYRFNGIGV,903,912,
2168,YRFNGIGVT,904,913,
2169,RFNGIGVTQ,905,914,
2170,FNGIGVTQN,906,915,
2171,NGIGVTQNV,907,916,
2172,GIGVTQNVL,908,917,
2173,IGVTQNVLY,909,918,
2174,GVTQNVLYE,910,919,
2175,VTQNVLYEN,911,920,
2176,TQNVLYENQ,912,921,
2177,QNVLYENQK,913,922,
2178,NVLYENQKL,914,923,
2179,VLYENQKLI,915,924,
2180,LYENQKLIA,916,925,
2181,YENQKLIAN,917,926,
2182,ENQKLIANQ,918,927,
2183,NQKLIANQF,919,928,
2184,QKLIANQFN,920,929,
2185,KLIANQFNS,921,930,
2186,LIANQFNSA,922,931,
2187,IANQFNSAI,923,932,
2188,ANQFNSAIG,924,933,
2189,NQFNSAIGK,925,934,
2190,QFNSAIGKI,926,935,
2191,FNSAIGKIQ,927,936,
2192,NSAIGKIQD,928,937,
2193,SAIGKIQDS,929,938,
2194,AIGKIQDSL,930,939,
2195,IGKIQDSLS,931,940,
2196,GKIQDSLSS,932,941,
2197,KIQDSLSST,933,942,
2198,IQDSLSSTA,934,943,
2199,QDSLSSTAS,935,944,
2200,DSLSSTASA,936,945,
2201,SLSSTASAL,937,946,
2202,LSSTASALG,938,947,
2203,SSTASALGK,939,948,
2204,STASALGKL,940,949,
2205,TASALGKLQ,941,950,
2206,ASALGKLQD,942,951,
2207,SALGKLQDV,943,952,
2208,ALGKLQDVV,944,953,
2209,LGKLQDVVN,945,954,
2210,GKLQDVVNQ,946,955,
2211,KLQDVVNQN,947,956,
2212,LQDVVNQNA,948,957,
2213,QDVVNQNAQ,949,958,
2214,DVVNQNAQA,950,959,
2215,VVNQNAQAL,951,960,
2216,VNQNAQALN,952,961,
2217,NQNAQALNT,953,962,
2218,QNAQALNTL,954,963,
2219,NAQALNTLV,955,964,
2220,AQALNTLVK,956,965,
2221,QALNTLVKQ,957,966,
2222,ALNTLVKQL,958,967,
2223,LNTLVKQLS,959,968,
2224,NTLVKQLSS,960,969,
2225,TLVKQLSSN,961,970,
2226,LVKQLSSNF,962,971,
2227,VKQLSSNFG,963,972,
2228,KQLSSNFGA,964,973,
2229,QLSSNFGAI,965,974,
2230,LSSNFGAIS,966,975,
2231,SSNFGAISS,967,976,
2232,SNFGAISSV,968,977,
2233,NFGAISSVL,969,978,
2234,FGAISSVLN,970,979,
2235,GAISSVLND,971,980,
2236,AISSVLNDI,972,981,
2237,ISSVLNDIL,973,982,
2238,SSVLNDILS,974,983,
2239,SVLNDILSR,975,984,
2240,VLNDILSRL,976,985,
2241,LNDILSRLD,977,986,
2242,NDILSRLDK,978,987,
2243,DILSRLDKV,979,988,
2244,ILSRLDKVE,980,989,
2245,LSRLDKVEA,981,990,
2246,SRLDKVEAE,982,991,
2247,RLDKVEAEV,983,992,
2248,LDKVEAEVQ,984,993,
2249,DKVEAEVQI,985,994,
2250,KVEAEVQID,986,995,
2251,VEAEVQIDR,987,996,
2252,EAEVQIDRL,988,997,
2253,AEVQIDRLI,989,998,
2254,EVQIDRLIT,990,999,
2255,VQIDRLITG,991,1000,
2256,QIDRLITGR,992,1001,
2257,IDRLITGRL,993,1002,
2258,DRLITGRLQ,994,1003,
2259,RLITGRLQS,995,1004,
2260,LITGRLQSL,996,1005,
2261,ITGRLQSLQ,997,1006,
2262,TGRLQSLQT,998,1007,
2263,GRLQSLQTY,999,1008,
2264,RLQSLQTYV,1000,1009,
2265,LQSLQTYVT,1001,1010,
2266,QSLQTYVTQ,1002,1011,
2267,SLQTYVTQQ,1003,1012,
2268,LQTYVTQQL,1004,1013,
2269,QTYVTQQLI,1005,1014,
2270,TYVTQQLIR,1006,1015,
2271,YVTQQLIRA,1007,1016,
2272,VTQQLIRAA,1008,1017,
2273,TQQLIRAAE,1009,1018,
2274,QQLIRAAEI,1010,1019,
2275,QLIRAAEIR,1011,1020,
2276,LIRAAEIRA,1012,1021,
2277,IRAAEIRAS,1013,1022,
2278,RAAEIRASA,1014,1023,
2279,AAEIRASAN,1015,1024,
2280,AEIRASANL,1016,1025,
2281,EIRASANLA,1017,1026,
2282,IRASANLAA,1018,1027,
2283,RASANLAAT,1019,1028,
2284,ASANLAATK,1020,1029,
2285,SANLAATKM,1021,1030,
2286,ANLAATKMS,1022,1031,
2287,NLAATKMSE,1023,1032,
2288,LAATKMSEC,1024,1033,
2289,AATKMSECV,1025,1034,
2290,ATKMSECVL,1026,1035,
2291,TKMSECVLG,1027,1036,
2292,KMSECVLGQ,1028,1037,
2293,MSECVLGQS,1029,1038,
2294,SECVLGQSK,1030,1039,
2295,ECVLGQSKR,1031,1040,
2296,CVLGQSKRV,1032,1041,
2297,VLGQSKRVD,1033,1042,
2298,LGQSKRVDF,1034,1043,
2299,GQSKRVDFC,1035,1044,
2300,QSKRVDFCG,1036,1045,
2301,SKRVDFCGK,1037,1046,
2302,KRVDFCGKG,1038,1047,
2303,RVDFCGKGY,1039,1048,
2304,VDFCGKGYH,1040,1049,
2305,DFCGKGYHL,1041,1050,
2306,FCGKGYHLM,1042,1051,
2307,CGKGYHLMS,1043,1052,
2308,GKGYHLMSF,1044,1053,
2309,KGYHLMSFP,1045,1054,
2310,GYHLMSFPQ,1046,1055,
2311,YHLMSFPQS,1047,1056,
2312,HLMSFPQSA,1048,1057,
2313,LMSFPQSAP,1049,1058,
2314,MSFPQSAPH,1050,1059,
2315,SFPQSAPHG,1051,1060,
2316,FPQSAPHGV,1052,1061,
2317,PQSAPHGVV,1053,1062,
2318,QSAPHGVVF,1054,1063,
2319,SAPHGVVFL,1055,1064,
2320,APHGVVFLH,1056,1065,
2321,PHGVVFLHV,1057,1066,
2322,HGVVFLHVT,1058,1067,
2323,GVVFLHVTY,1059,1068,
2324,VVFLHVTYV,1060,1069,
2325,VFLHVTYVP,1061,1070,
2326,FLHVTYVPA,1062,1071,
2327,LHVTYVPAQ,1063,1072,
2328,HVTYVPAQE,1064,1073,
2329,VTYVPAQEK,1065,1074,
2330,TYVPAQEKN,1066,1075,
2331,YVPAQEKNF,1067,1076,
2332,VPAQEKNFT,1068,1077,
2333,PAQEKNFTT,1069,1078,
2334,AQEKNFTTA,1070,1079,
2335,QEKNFTTAP,1071,1080,
2336,EKNFTTAPA,1072,1081,
2337,KNFTTAPAI,1073,1082,
2338,NFTTAPAIC,1074,1083,
2339,FTTAPAICH,1075,1084,
2340,TTAPAICHD,1076,1085,
2341,TAPAICHDG,1077,1086,
2342,APAICHDGK,1078,1087,
2343,PAICHDGKA,1079,1088,
2344,AICHDGKAH,1080,1089,
2345,ICHDGKAHF,1081,1090,
2346,CHDGKAHFP,1082,1091,
2347,HDGKAHFPR,1083,1092,
2348,DGKAHFPRE,1084,1093,
2349,GKAHFPREG,1085,1094,
2350,KAHFPREGV,1086,1095,
2351,AHFPREGVF,1087,1096,
2352,HFPREGVFV,1088,1097,
2353,FPREGVFVS,1089,1098,
2354,PREGVFVSN,1090,1099,
2355,REGVFVSNG,1091,1100,
2356,EGVFVSNGT,1092,1101,
2357,GVFVSNGTH,1093,1102,
2358,VFVSNGTHW,1094,1103,
2359,FVSNGTHWF,1095,1104,
2360,VSNGTHWFV,1096,1105,
2361,SNGTHWFVT,1097,1106,
2362,NGTHWFVTQ,1098,1107,
2363,GTHWFVTQR,1099,1108,
2364,THWFVTQRN,1100,1109,
2365,HWFVTQRNF,1101,1110,
2366,WFVTQRNFY,1102,1111,
2367,FVTQRNFYE,1103,1112,
2368,VTQRNFYEP,1104,1113,
2369,TQRNFYEPQ,1105,1114,
2370,QRNFYEPQI,1106,1115,
2371,RNFYEPQII,1107,1116,
2372,NFYEPQIIT,1108,1117,
2373,FYEPQIITT,1109,1118,
2374,YEPQIITTD,1110,1119,
2375,EPQIITTDN,1111,1120,
2376,PQIITTDNT,1112,1121,
2377,QIITTDNTF,1113,1122,
2378,IITTDNTFV,1114,1123,
2379,ITTDNTFVS,1115,1124,
2380,TTDNTFVSG,1116,1125,
2381,TDNTFVSGN,1117,1126,
2382,DNTFVSGNC,1118,1127,
2383,NTFVSGNCD,1119,1128,
2384,TFVSGNCDV,1120,1129,
2385,FVSGNCDVV,1121,1130,
2386,VSGNCDVVI,1122,1131,
2387,SGNCDVVIG,1123,1132,
2388,GNCDVVIGI,1124,1133,
2389,NCDVVIGIV,1125,1134,
2390,CDVVIGIVN,1126,1135,
2391,DVVIGIVNN,1127,1136,
2392,VVIGIVNNT,1128,1137,
2393,VIGIVNNTV,1129,1138,
2394,IGIVNNTVY,1130,1139,
2395,GIVNNTVYD,1131,1140,
2396,IVNNTVYDP,1132,1141,
2397,VNNTVYDPL,1133,1142,
2398,NNTVYDPLQ,1134,1143,
2399,NTVYDPLQP,1135,1144,
2400,TVYDPLQPE,1136,1145,
2401,VYDPLQPEL,1137,1146,
2402,YDPLQPELD,1138,1147,
2403,DPLQPELDS,1139,1148,
2404,PLQPELDSF,1140,1149,
2405,LQPELDSFK,1141,1150,
2406,QPELDSFKE,1142,1151,
2407,PELDSFKEE,1143,1152,
2408,ELDSFKEEL,1144,1153,
2409,LDSFKEELD,1145,1154,
2410,DSFKEELDK,1146,1155,
2411,SFKEELDKY,1147,1156,
2412,FKEELDKYF,1148,1157,
2413,KEELDKYFK,1149,1158,
2414,EELDKYFKN,1150,1159,
2415,ELDKYFKNH,1151,1160,
2416,LDKYFKNHT,1152,1161,
2417,DKYFKNHTS,1153,1162,
2418,KYFKNHTSP,1154,1163,
2419,YFKNHTSPD,1155,1164,
2420,FKNHTSPDV,1156,1165,
2421,KNHTSPDVD,1157,1166,
2422,NHTSPDVDL,1158,1167,
2423,HTSPDVDLG,1159,1168,
2424,TSPDVDLGD,1160,1169,
2425,SPDVDLGDI,1161,1170,
2426,PDVDLGDIS,1162,1171,
2427,DVDLGDISG,1163,1172,
2428,VDLGDISGI,1164,1173,
2429,DLGDISGIN,1165,1174,
2430,LGDISGINA,1166,1175,
2431,GDISGINAS,1167,1176,
2432,DISGINASV,1168,1177,
2433,ISGINASVV,1169,1178,
2434,SGINASVVN,1170,1179,
2435,GINASVVNI,1171,1180,
2436,INASVVNIQ,1172,1181,
2437,NASVVNIQK,1173,1182,
2438,ASVVNIQKE,1174,1183,
2439,SVVNIQKEI,1175,1184,
2440,VVNIQKEID,1176,1185,
2441,VNIQKEIDR,1177,1186,
2442,NIQKEIDRL,1178,1187,
2443,IQKEIDRLN,1179,1188,
2444,QKEIDRLNE,1180,1189,
2445,KEIDRLNEV,1181,1190,
2446,EIDRLNEVA,1182,1191,
2447,IDRLNEVAK,1183,1192,
2448,DRLNEVAKN,1184,1193,
2449,RLNEVAKNL,1185,1194,
2450,LNEVAKNLN,1186,1195,
2451,NEVAKNLNE,1187,1196,
2452,EVAKNLNES,1188,1197,
2453,VAKNLNESL,1189,1198,
2454,AKNLNESLI,1190,1199,
2455,KNLNESLID,1191,1200,
2456,NLNESLIDL,1192,1201,
2457,LNESLIDLQ,1193,1202,
2458,NESLIDLQE,1194,1203,
2459,ESLIDLQEL,1195,1204,
2460,SLIDLQELG,1196,1205,
2461,LIDLQELGK,1197,1206,
2462,IDLQELGKY,1198,1207,
2463,DLQELGKYE,1199,1208,
2464,LQELGKYEQ,1200,1209,
2465,QELGKYEQY,1201,1210,
2466,ELGKYEQYI,1202,1211,
2467,LGKYEQYIK,1203,1212,
2468,GKYEQYIKW,1204,1213,
2469,KYEQYIKWP,1205,1214,
2470,YEQYIKWPW,1206,1215,
2471,EQYIKWPWY,1207,1216,
2472,QYIKWPWYI,1208,1217,
2473,YIKWPWYIW,1209,1218,
2474,IKWPWYIWL,1210,1219,
2475,KWPWYIWLG,1211,1220,
2476,WPWYIWLGF,1212,1221,
2477,PWYIWLGFI,1213,1222,
2478,WYIWLGFIA,1214,1223,
2479,YIWLGFIAG,1215,1224,
2480,IWLGFIAGL,1216,1225,
2481,WLGFIAGLI,1217,1226,
2482,LGFIAGLIA,1218,1227,
2483,GFIAGLIAI,1219,1228,
2484,FIAGLIAIV,1220,1229,
2485,IAGLIAIVM,1221,1230,
2486,AGLIAIVMV,1222,1231,
2487,GLIAIVMVT,1223,1232,
2488,LIAIVMVTI,1224,1233,
2489,IAIVMVTIM,1225,1234,
2490,AIVMVTIML,1226,1235,
2491,IVMVTIMLC,1227,1236,
2492,VMVTIMLCC,1228,1237,
2493,MVTIMLCCM,1229,1238,
2494,VTIMLCCMT,1230,1239,
2495,TIMLCCMTS,1231,1240,
2496,IMLCCMTSC,1232,1241,
2497,MLCCMTSCC,1233,1242,
2498,LCCMTSCCS,1234,1243,
2499,CCMTSCCSC,1235,1244,
2500,CMTSCCSCL,1236,1245,
2501,MTSCCSCLK,1237,1246,
2502,TSCCSCLKG,1238,1247,
2503,SCCSCLKGC,1239,1248,
2504,CCSCLKGCC,1240,1249,
2505,CSCLKGCCS,1241,1250,
2506,SCLKGCCSC,1242,1251,
2507,CLKGCCSCG,1243,1252,
2508,LKGCCSCGS,1244,1253,
2509,KGCCSCGSC,1245,1254,
2510,GCCSCGSCC,1246,1255,
2511,CCSCGSCCK,1247,1256,
2512,CSCGSCCKF,1248,1257,
2513,SCGSCCKFD,1249,1258,
2514,CGSCCKFDE,1250,1259,
2515,GSCCKFDED,1251,1260,
2516,SCCKFDEDD,1252,1261,
2517,CCKFDEDDS,1253,1262,
2518,CKFDEDDSE,1254,1263,
2519,KFDEDDSEP,1255,1264,
2520,FDEDDSEPV,1256,1265,
2521,DEDDSEPVL,1257,1266,
2522,EDDSEPVLK,1258,1267,
2523,DDSEPVLKG,1259,1268,
2524,DSEPVLKGV,1260,1269,
2525,SEPVLKGVK,1261,1270,
2526,EPVLKGVKL,1262,1271,
2527,PVLKGVKLH,1263,1272,
2528,VLKGVKLHY,1264,1273,
2529,MFVFLVLLPL,1,11,
2530,FVFLVLLPLV,2,12,
2531,VFLVLLPLVS,3,13,
2532,FLVLLPLVSS,4,14,
2533,LVLLPLVSSQ,5,15,
2534,VLLPLVSSQC,6,16,
2535,LLPLVSSQCV,7,17,
2536,LPLVSSQCVN,8,18,
2537,PLVSSQCVNL,9,19,
2538,LVSSQCVNLT,10,20,
2539,VSSQCVNLTT,11,21,
2540,SSQCVNLTTR,12,22,
2541,SQCVNLTTRT,13,23,
2542,QCVNLTTRTQ,14,24,
2543,CVNLTTRTQL,15,25,
2544,VNLTTRTQLP,16,26,
2545,NLTTRTQLPP,17,27,
2546,LTTRTQLPPA,18,28,
2547,TTRTQLPPAY,19,29,
2548,TRTQLPPAYT,20,30,
2549,RTQLPPAYTN,21,31,
2550,TQLPPAYTNS,22,32,
2551,QLPPAYTNSF,23,33,
2552,LPPAYTNSFT,24,34,
2553,PPAYTNSFTR,25,35,
2554,PAYTNSFTRG,26,36,
2555,AYTNSFTRGV,27,37,
2556,YTNSFTRGVY,28,38,
2557,TNSFTRGVYY,29,39,
2558,NSFTRGVYYP,30,40,
2559,SFTRGVYYPD,31,41,
2560,FTRGVYYPDK,32,42,
2561,TRGVYYPDKV,33,43,
2562,RGVYYPDKVF,34,44,
2563,GVYYPDKVFR,35,45,
2564,VYYPDKVFRS,36,46,
2565,YYPDKVFRSS,37,47,
2566,YPDKVFRSSV,38,48,
2567,PDKVFRSSVL,39,49,
2568,DKVFRSSVLH,40,50,
2569,KVFRSSVLHS,41,51,
2570,VFRSSVLHST,42,52,
2571,FRSSVLHSTQ,43,53,
2572,RSSVLHSTQD,44,54,
2573,SSVLHSTQDL,45,55,
2574,SVLHSTQDLF,46,56,
2575,VLHSTQDLFL,47,57,
2576,LHSTQDLFLP,48,58,
2577,HSTQDLFLPF,49,59,
2578,STQDLFLPFF,50,60,
2579,TQDLFLPFFS,51,61,
2580,QDLFLPFFSN,52,62,
2581,DLFLPFFSNV,53,63,
2582,LFLPFFSNVT,54,64,
2583,FLPFFSNVTW,55,65,
2584,LPFFSNVTWF,56,66,
2585,PFFSNVTWFH,57,67,
2586,FFSNVTWFHA,58,68,
2587,FSNVTWFHAI,59,69,
2588,SNVTWFHAIH,60,70,
2589,NVTWFHAIHV,61,71,
2590,VTWFHAIHVS,62,72,
2591,TWFHAIHVSG,63,73,
2592,WFHAIHVSGT,64,74,
2593,FHAIHVSGTN,65,75,
2594,HAIHVSGTNG,66,76,
2595,AIHVSGTNGT,67,77,
2596,IHVSGTNGTK,68,78,
2597,HVSGTNGTKR,69,79,
2598,VSGTNGTKRF,70,80,
2599,SGTNGTKRFD,71,81,
2600,GTNGTKRFDN,72,82,
2601,TNGTKRFDNP,73,83,
2602,NGTKRFDNPV,74,84,
2603,GTKRFDNPVL,75,85,
2604,TKRFDNPVLP,76,86,
2605,KRFDNPVLPF,77,87,
2606,RFDNPVLPFN,78,88,
2607,FDNPVLPFND,79,89,
2608,DNPVLPFNDG,80,90,
2609,NPVLPFNDGV,81,91,
2610,PVLPFNDGVY,82,92,
2611,VLPFNDGVYF,83,93,
2612,LPFNDGVYFA,84,94,
2613,PFNDGVYFAS,85,95,
2614,FNDGVYFAST,86,96,
2615,NDGVYFASTE,87,97,
2616,DGVYFASTEK,88,98,
2617,GVYFASTEKS,89,99,
2618,VYFASTEKSN,90,100,
2619,YFASTEKSNI,91,101,
2620,FASTEKSNII,92,102,
2621,ASTEKSNIIR,93,103,
2622,STEKSNIIRG,94,104,
2623,TEKSNIIRGW,95,105,
2624,EKSNIIRGWI,96,106,
2625,KSNIIRGWIF,97,107,
2626,SNIIRGWIFG,98,108,
2627,NIIRGWIFGT,99,109,
2628,IIRGWIFGTT,100,110,
2629,IRGWIFGTTL,101,111,
2630,RGWIFGTTLD,102,112,
2631,GWIFGTTLDS,103,113,
2632,WIFGTTLDSK,104,114,
2633,IFGTTLDSKT,105,115,
2634,FGTTLDSKTQ,106,116,
2635,GTTLDSKTQS,107,117,
2636,TTLDSKTQSL,108,118,
2637,TLDSKTQSLL,109,119,
2638,LDSKTQSLLI,110,120,
2639,DSKTQSLLIV,111,121,
2640,SKTQSLLIVN,112,122,
2641,KTQSLLIVNN,113,123,
2642,TQSLLIVNNA,114,124,
2643,QSLLIVNNAT,115,125,
2644,SLLIVNNATN,116,126,
2645,LLIVNNATNV,117,127,
2646,LIVNNATNVV,118,128,
2647,IVNNATNVVI,119,129,
2648,VNNATNVVIK,120,130,
2649,NNATNVVIKV,121,131,
2650,NATNVVIKVC,122,132,
2651,ATNVVIKVCE,123,133,
2652,TNVVIKVCEF,124,134,
2653,NVVIKVCEFQ,125,135,
2654,VVIKVCEFQF,126,136,
2655,VIKVCEFQFC,127,137,
2656,IKVCEFQFCN,128,138,
2657,KVCEFQFCND,129,139,
2658,VCEFQFCNDP,130,140,
2659,CEFQFCNDPF,131,141,
2660,EFQFCNDPFL,132,142,
2661,FQFCNDPFLG,133,143,
2662,QFCNDPFLGV,134,144,
2663,FCNDPFLGVY,135,145,
2664,CNDPFLGVYY,136,146,
2665,NDPFLGVYYH,137,147,
2666,DPFLGVYYHK,138,148,
2667,PFLGVYYHKN,139,149,
2668,FLGVYYHKNN,140,150,
2669,LGVYYHKNNK,141,151,
2670,GVYYHKNNKS,142,152,
2671,VYYHKNNKSW,143,153,
2672,YYHKNNKSWM,144,154,
2673,YHKNNKSWME,145,155,
2674,HKNNKSWMES,146,156,
2675,KNNKSWMESE,147,157,
2676,NNKSWMESEF,148,158,
2677,NKSWMESEFR,149,159,
2678,KSWMESEFRV,150,160,
2679,SWMESEFRVY,151,161,
2680,WMESEFRVYS,152,162,
2681,MESEFRVYSS,153,163,
2682,ESEFRVYSSA,154,164,
2683,SEFRVYSSAN,155,165,
2684,EFRVYSSANN,156,166,
2685,FRVYSSANNC,157,167,
2686,RVYSSANNCT,158,168,
2687,VYSSANNCTF,159,169,
2688,YSSANNCTFE,160,170,
2689,SSANNCTFEY,161,171,
2690,SANNCTFEYV,162,172,
2691,ANNCTFEYVS,163,173,
2692,NNCTFEYVSQ,164,174,
2693,NCTFEYVSQP,165,175,
2694,CTFEYVSQPF,166,176,
2695,TFEYVSQPFL,167,177,
2696,FEYVSQPFLM,168,178,
2697,EYVSQPFLMD,169,179,
2698,YVSQPFLMDL,170,180,
2699,VSQPFLMDLE,171,181,
2700,SQPFLMDLEG,172,182,
2701,QPFLMDLEGK,173,183,
2702,PFLMDLEGKQ,174,184,
2703,FLMDLEGKQG,175,185,
2704,LMDLEGKQGN,176,186,
2705,MDLEGKQGNF,177,187,
2706,DLEGKQGNFK,178,188,
2707,LEGKQGNFKN,179,189,
2708,EGKQGNFKNL,180,190,
2709,GKQGNFKNLR,181,191,
2710,KQGNFKNLRE,182,192,
2711,QGNFKNLREF,183,193,
2712,GNFKNLREFV,184,194,
2713,NFKNLREFVF,185,195,
2714,FKNLREFVFK,186,196,
2715,KNLREFVFKN,187,197,
2716,NLREFVFKNI,188,198,
2717,LREFVFKNID,189,199,
2718,REFVFKNIDG,190,200,
2719,EFVFKNIDGY,191,201,
2720,FVFKNIDGYF,192,202,
2721,VFKNIDGYFK,193,203,
2722,FKNIDGYFKI,194,204,
2723,KNIDGYFKIY,195,205,
2724,NIDGYFKIYS,196,206,
2725,IDGYFKIYSK,197,207,
2726,DGYFKIYSKH,198,208,
2727,GYFKIYSKHT,199,209,
2728,YFKIYSKHTP,200,210,
2729,FKIYSKHTPI,201,211,
2730,KIYSKHTPIN,202,212,
2731,IYSKHTPINL,203,213,
2732,YSKHTPINLV,204,214,
2733,SKHTPINLVR,205,215,
2734,KHTPINLVRD,206,216,
2735,HTPINLVRDL,207,217,
2736,TPINLVRDLP,208,218,
2737,PINLVRDLPQ,209,219,
2738,INLVRDLPQG,210,220,
2739,NLVRDLPQGF,211,221,
2740,LVRDLPQGFS,212,222,
2741,VRDLPQGFSA,213,223,
2742,RDLPQGFSAL,214,224,
2743,DLPQGFSALE,215,225,
2744,LPQGFSALEP,216,226,
2745,PQGFSALEPL,217,227,
2746,QGFSALEPLV,218,228,
2747,GFSALEPLVD,219,229,
2748,FSALEPLVDL,220,230,
2749,SALEPLVDLP,221,231,
2750,ALEPLVDLPI,222,232,
2751,LEPLVDLPIG,223,233,
2752,EPLVDLPIGI,224,234,
2753,PLVDLPIGIN,225,235,
2754,LVDLPIGINI,226,236,
2755,VDLPIGINIT,227,237,
2756,DLPIGINITR,228,238,
2757,LPIGINITRF,229,239,
2758,PIGINITRFQ,230,240,
2759,IGINITRFQT,231,241,
2760,GINITRFQTL,232,242,
2761,INITRFQTLL,233,243,
2762,NITRFQTLLA,234,244,
2763,ITRFQTLLAL,235,245,
2764,TRFQTLLALH,236,246,
2765,RFQTLLALHR,237,247,
2766,FQTLLALHRS,238,248,
2767,QTLLALHRSY,239,249,
2768,TLLALHRSYL,240,250,
2769,LLALHRSYLT,241,251,
2770,LALHRSYLTP,242,252,
2771,ALHRSYLTPG,243,253,
2772,LHRSYLTPGD,244,254,
2773,HRSYLTPGDS,245,255,
2774,RSYLTPGDSS,246,256,
2775,SYLTPGDSSS,247,257,
2776,YLTPGDSSSG,248,258,
2777,LTPGDSSSGW,249,259,
2778,TPGDSSSGWT,250,260,
2779,PGDSSSGWTA,251,261,
2780,GDSSSGWTAG,252,262,
2781,DSSSGWTAGA,253,263,
2782,SSSGWTAGAA,254,264,
2783,SSGWTAGAAA,255,265,
2784,SGWTAGAAAY,256,266,
2785,GWTAGAAAYY,257,267,
2786,WTAGAAAYYV,258,268,
2787,TAGAAAYYVG,259,269,
2788,AGAAAYYVGY,260,270,
2789,GAAAYYVGYL,261,271,
2790,AAAYYVGYLQ,262,272,
2791,AAYYVGYLQP,263,273,
2792,AYYVGYLQPR,264,274,
2793,YYVGYLQPRT,265,275,
2794,YVGYLQPRTF,266,276,
2795,VGYLQPRTFL,267,277,
2796,GYLQPRTFLL,268,278,
2797,YLQPRTFLLK,269,279,
2798,LQPRTFLLKY,270,280,
2799,QPRTFLLKYN,271,281,
2800,PRTFLLKYNE,272,282,
2801,RTFLLKYNEN,273,283,
2802,TFLLKYNENG,274,284,
2803,FLLKYNENGT,275,285,
2804,LLKYNENGTI,276,286,
2805,LKYNENGTIT,277,287,
2806,KYNENGTITD,278,288,
2807,YNENGTITDA,279,289,
2808,NENGTITDAV,280,290,
2809,ENGTITDAVD,281,291,
2810,NGTITDAVDC,282,292,
2811,GTITDAVDCA,283,293,
2812,TITDAVDCAL,284,294,
2813,ITDAVDCALD,285,295,
2814,TDAVDCALDP,286,296,
2815,DAVDCALDPL,287,297,
2816,AVDCALDPLS,288,298,
2817,VDCALDPLSE,289,299,
2818,DCALDPLSET,290,300,
2819,CALDPLSETK,291,301,
2820,ALDPLSETKC,292,302,
2821,LDPLSETKCT,293,303,
2822,DPLSETKCTL,294,304,
2823,PLSETKCTLK,295,305,
2824,LSETKCTLKS,296,306,
2825,SETKCTLKSF,297,307,
2826,ETKCTLKSFT,298,308,
2827,TKCTLKSFTV,299,309,
2828,KCTLKSFTVE,300,310,
2829,CTLKSFTVEK,301,311,
2830,TLKSFTVEKG,302,312,
2831,LKSFTVEKGI,303,313,
2832,KSFTVEKGIY,304,314,
2833,SFTVEKGIYQ,305,315,
2834,FTVEKGIYQT,306,316,
2835,TVEKGIYQTS,307,317,
2836,VEKGIYQTSN,308,318,
2837,EKGIYQTSNF,309,319,
2838,KGIYQTSNFR,310,320,
2839,GIYQTSNFRV,311,321,
2840,IYQTSNFRVQ,312,322,
2841,YQTSNFRVQP,313,323,
2842,QTSNFRVQPT,314,324,
2843,TSNFRVQPTE,315,325,
2844,SNFRVQPTES,316,326,
2845,NFRVQPTESI,317,327,
2846,FRVQPTESIV,318,328,
2847,RVQPTESIVR,319,329,
2848,VQPTESIVRF,320,330,
2849,QPTESIVRFP,321,331,
2850,PTESIVRFPN,322,332,
2851,TESIVRFPNI,323,333,
2852,ESIVRFPNIT,324,334,
2853,SIVRFPNITN,325,335,
2854,IVRFPNITNL,326,336,
2855,VRFPNITNLC,327,337,
2856,RFPNITNLCP,328,338,
2857,FPNITNLCPF,329,339,
2858,PNITNLCPFG,330,340,
2859,NITNLCPFGE,331,341,
2860,ITNLCPFGEV,332,342,
2861,TNLCPFGEVF,333,343,
2862,NLCPFGEVFN,334,344,
2863,LCPFGEVFNA,335,345,
2864,CPFGEVFNAT,336,346,
2865,PFGEVFNATR,337,347,
2866,FGEVFNATRF,338,348,
2867,GEVFNATRFA,339,349,
2868,EVFNATRFAS,340,350,
2869,VFNATRFASV,341,351,
2870,FNATRFASVY,342,352,
2871,NATRFASVYA,343,353,
2872,ATRFASVYAW,344,354,
2873,TRFASVYAWN,345,355,
2874,RFASVYAWNR,346,356,
2875,FASVYAWNRK,347,357,
2876,ASVYAWNRKR,348,358,
2877,SVYAWNRKRI,349,359,
2878,VYAWNRKRIS,350,360,
2879,YAWNRKRISN,351,361,
2880,AWNRKRISNC,352,362,
2881,WNRKRISNCV,353,363,
2882,NRKRISNCVA,354,364,
2883,RKRISNCVAD,355,365,
2884,KRISNCVADY,356,366,
2885,RISNCVADYS,357,367,
2886,ISNCVADYSV,358,368,
2887,SNCVADYSVL,359,369,
2888,NCVADYSVLY,360,370,
2889,CVADYSVLYN,361,371,
2890,VADYSVLYNS,362,372,
2891,ADYSVLYNSA,363,373,
2892,DYSVLYNSAS,364,374,
2893,YSVLYNSASF,365,375,
2894,SVLYNSASFS,366,376,
2895,VLYNSASFST,367,377,
2896,LYNSASFSTF,368,378,
2897,YNSASFSTFK,369,379,
2898,NSASFSTFKC,370,380,
2899,SASFSTFKCY,371,381,
2900,ASFSTFKCYG,372,382,
2901,SFSTFKCYGV,373,383,
2902,FSTFKCYGVS,374,384,
2903,STFKCYGVSP,375,385,
2904,TFKCYGVSPT,376,386,
2905,FKCYGVSPTK,377,387,
2906,KCYGVSPTKL,378,388,
2907,CYGVSPTKLN,379,389,
2908,YGVSPTKLND,380,390,
2909,GVSPTKLNDL,381,391,
2910,VSPTKLNDLC,382,392,
2911,SPTKLNDLCF,383,393,
2912,PTKLNDLCFT,384,394,
2913,TKLNDLCFTN,385,395,
2914,KLNDLCFTNV,386,396,
2915,LNDLCFTNVY,387,397,
2916,NDLCFTNVYA,388,398,
2917,DLCFTNVYAD,389,399,
2918,LCFTNVYADS,390,400,
2919,CFTNVYADSF,391,401,
2920,FTNVYADSFV,392,402,
2921,TNVYADSFVI,393,403,
2922,NVYADSFVIR,394,404,
2923,VYADSFVIRG,395,405,
2924,YADSFVIRGD,396,406,
2925,ADSFVIRGDE,397,407,
2926,DSFVIRGDEV,398,408,
2927,SFVIRGDEVR,399,409,
2928,FVIRGDEVRQ,400,410,
2929,VIRGDEVRQI,401,411,
2930,IRGDEVRQIA,402,412,
2931,RGDEVRQIAP,403,413,
2932,GDEVRQIAPG,404,414,
2933,DEVRQIAPGQ,405,415,
2934,EVRQIAPGQT,406,416,
2935,VRQIAPGQTG,407,417,
2936,RQIAPGQTGK,408,418,
2937,QIAPGQTGKI,409,419,
2938,IAPGQTGKIA,410,420,
2939,APGQTGKIAD,411,421,
2940,PGQTGKIADY,412,422,
2941,GQTGKIADYN,413,423,
2942,QTGKIADYNY,414,424,
2943,TGKIADYNYK,415,425,
2944,GKIADYNYKL,416,426,
2945,KIADYNYKLP,417,427,
2946,IADYNYKLPD,418,428,
2947,ADYNYKLPDD,419,429,
2948,DYNYKLPDDF,420,430,
2949,YNYKLPDDFT,421,431,
2950,NYKLPDDFTG,422,432,
2951,YKLPDDFTGC,423,433,
2952,KLPDDFTGCV,424,434,
2953,LPDDFTGCVI,425,435,
2954,PDDFTGCVIA,426,436,
2955,DDFTGCVIAW,427,437,
2956,DFTGCVIAWN,428,438,
2957,FTGCVIAWNS,429,439,
2958,TGCVIAWNSN,430,440,
2959,GCVIAWNSNN,431,441,
2960,CVIAWNSNNL,432,442,
2961,VIAWNSNNLD,433,443,
2962,IAWNSNNLDS,434,444,
2963,AWNSNNLDSK,435,445,
2964,WNSNNLDSKV,436,446,
2965,NSNNLDSKVG,437,447,
2966,SNNLDSKVGG,438,448,
2967,NNLDSKVGGN,439,449,
2968,NLDSKVGGNY,440,450,
2969,LDSKVGGNYN,441,451,
2970,DSKVGGNYNY,442,452,
2971,SKVGGNYNYL,443,453,
2972,KVGGNYNYLY,444,454,
2973,VGGNYNYLYR,445,455,
2974,GGNYNYLYRL,446,456,
2975,GNYNYLYRLF,447,457,
2976,NYNYLYRLFR,448,458,
2977,YNYLYRLFRK,449,459,
2978,NYLYRLFRKS,450,460,
2979,YLYRLFRKSN,451,461,
2980,LYRLFRKSNL,452,462,
2981,YRLFRKSNLK,453,463,
2982,RLFRKSNLKP,454,464,
2983,LFRKSNLKPF,455,465,
2984,FRKSNLKPFE,456,466,
2985,RKSNLKPFER,457,467,
2986,KSNLKPFERD,458,468,
2987,SNLKPFERDI,459,469,
2988,NLKPFERDIS,460,470,
2989,LKPFERDIST,461,471,
2990,KPFERDISTE,462,472,
2991,PFERDISTEI,463,473,
2992,FERDISTEIY,464,474,
2993,ERDISTEIYQ,465,475,
2994,RDISTEIYQA,466,476,
2995,DISTEIYQAG,467,477,
2996,ISTEIYQAGS,468,478,
2997,STEIYQAGST,469,479,
2998,TEIYQAGSTP,470,480,
2999,EIYQAGSTPC,471,481,
3000,IYQAGSTPCN,472,482,
3001,YQAGSTPCNG,473,483,
3002,QAGSTPCNGV,474,484,
3003,AGSTPCNGVE,475,485,
3004,GSTPCNGVEG,476,486,
3005,STPCNGVEGF,477,487,
3006,TPCNGVEGFN,478,488,
3007,PCNGVEGFNC,479,489,
3008,CNGVEGFNCY,480,490,
3009,NGVEGFNCYF,481,491,
3010,GVEGFNCYFP,482,492,
3011,VEGFNCYFPL,483,493,
3012,EGFNCYFPLQ,484,494,
3013,GFNCYFPLQS,485,495,
3014,FNCYFPLQSY,486,496,
3015,NCYFPLQSYG,487,497,
3016,CYFPLQSYGF,488,498,
3017,YFPLQSYGFQ,489,499,
3018,FPLQSYGFQP,490,500,
3019,PLQSYGFQPT,491,501,
3020,LQSYGFQPTN,492,502,
3021,QSYGFQPTNG,493,503,
3022,SYGFQPTNGV,494,504,
3023,YGFQPTNGVG,495,505,
3024,GFQPTNGVGY,496,506,
3025,FQPTNGVGYQ,497,507,
3026,QPTNGVGYQP,498,508,
3027,PTNGVGYQPY,499,509,
3028,TNGVGYQPYR,500,510,
3029,NGVGYQPYRV,501,511,
3030,GVGYQPYRVV,502,512,
3031,VGYQPYRVVV,503,513,
3032,GYQPYRVVVL,504,514,
3033,YQPYRVVVLS,505,515,
3034,QPYRVVVLSF,506,516,
3035,PYRVVVLSFE,507,517,
3036,YRVVVLSFEL,508,518,
3037,RVVVLSFELL,509,519,
3038,VVVLSFELLH,510,520,
3039,VVLSFELLHA,511,521,
3040,VLSFELLHAP,512,522,
3041,LSFELLHAPA,513,523,
3042,SFELLHAPAT,514,524,
3043,FELLHAPATV,515,525,
3044,ELLHAPATVC,516,526,
3045,LLHAPATVCG,517,527,
3046,LHAPATVCGP,518,528,
3047,HAPATVCGPK,519,529,
3048,APATVCGPKK,520,530,
3049,PATVCGPKKS,521,531,
3050,ATVCGPKKST,522,532,
3051,TVCGPKKSTN,523,533,
3052,VCGPKKSTNL,524,534,
3053,CGPKKSTNLV,525,535,
3054,GPKKSTNLVK,526,536,
3055,PKKSTNLVKN,527,537,
3056,KKSTNLVKNK,528,538,
3057,KSTNLVKNKC,529,539,
3058,STNLVKNKCV,530,540,
3059,TNLVKNKCVN,531,541,
3060,NLVKNKCVNF,532,542,
3061,LVKNKCVNFN,533,543,
3062,VKNKCVNFNF,534,544,
3063,KNKCVNFNFN,535,545,
3064,NKCVNFNFNG,536,546,
3065,KCVNFNFNGL,537,547,
3066,CVNFNFNGLT,538,548,
3067,VNFNFNGLTG,539,549,
3068,NFNFNGLTGT,540,550,
3069,FNFNGLTGTG,541,551,
3070,NFNGLTGTGV,542,552,
3071,FNGLTGTGVL,543,553,
3072,NGLTGTGVLT,544,554,
3073,GLTGTGVLTE,545,555,
3074,LTGTGVLTES,546,556,
3075,TGTGVLTESN,547,557,
3076,GTGVLTESNK,548,558,
3077,TGVLTESNKK,549,559,
3078,GVLTESNKKF,550,560,
3079,VLTESNKKFL,551,561,
3080,LTESNKKFLP,552,562,
3081,TESNKKFLPF,553,563,
3082,ESNKKFLPFQ,554,564,
3083,SNKKFLPFQQ,555,565,
3084,NKKFLPFQQF,556,566,
3085,KKFLPFQQFG,557,567,
3086,KFLPFQQFGR,558,568,
3087,FLPFQQFGRD,559,569,
3088,LPFQQFGRDI,560,570,
3089,PFQQFGRDIA,561,571,
3090,FQQFGRDIAD,562,572,
3091,QQFGRDIADT,563,573,
3092,QFGRDIADTT,564,574,
3093,FGRDIADTTD,565,575,
3094,GRDIADTTDA,566,576,
3095,RDIADTTDAV,567,577,
3096,DIADTTDAVR,568,578,
3097,IADTTDAVRD,569,579,
3098,ADTTDAVRDP,570,580,
3099,DTTDAVRDPQ,571,581,
3100,TTDAVRDPQT,572,582,
3101,TDAVRDPQTL,573,583,
3102,DAVRDPQTLE,574,584,
3103,AVRDPQTLEI,575,585,
3104,VRDPQTLEIL,576,586,
3105,RDPQTLEILD,577,587,
3106,DPQTLEILDI,578,588,
3107,PQTLEILDIT,579,589,
3108,QTLEILDITP,580,590,
3109,TLEILDITPC,581,591,
3110,LEILDITPCS,582,592,
3111,EILDITPCSF,583,593,
3112,ILDITPCSFG,584,594,
3113,LDITPCSFGG,585,595,
3114,DITPCSFGGV,586,596,
3115,ITPCSFGGVS,587,597,
3116,TPCSFGGVSV,588,598,
3117,PCSFGGVSVI,589,599,
3118,CSFGGVSVIT,590,600,
3119,SFGGVSVITP,591,601,
3120,FGGVSVITPG,592,602,
3121,GGVSVITPGT,593,603,
3122,GVSVITPGTN,594,604,
3123,VSVITPGTNT,595,605,
3124,SVITPGTNTS,596,606,
3125,VITPGTNTSN,597,607,
3126,ITPGTNTSNQ,598,608,
3127,TPGTNTSNQV,599,609,
3128,PGTNTSNQVA,600,610,
3129,GTNTSNQVAV,601,611,
3130,TNTSNQVAVL,602,612,
3131,NTSNQVAVLY,603,613,
3132,TSNQVAVLYQ,604,614,
3133,SNQVAVLYQD,605,615,
3134,NQVAVLYQDV,606,616,
3135,QVAVLYQDVN,607,617,
3136,VAVLYQDVNC,608,618,
3137,AVLYQDVNCT,609,619,
3138,VLYQDVNCTE,610,620,
3139,LYQDVNCTEV,611,621,
3140,YQDVNCTEVP,612,622,
3141,QDVNCTEVPV,613,623,
3142,DVNCTEVPVA,614,624,
3143,VNCTEVPVAI,615,625,
3144,NCTEVPVAIH,616,626,
3145,CTEVPVAIHA,617,627,
3146,TEVPVAIHAD,618,628,
3147,EVPVAIHADQ,619,629,
3148,VPVAIHADQL,620,630,
3149,PVAIHADQLT,621,631,
3150,VAIHADQLTP,622,632,
3151,AIHADQLTPT,623,633,
3152,IHADQLTPTW,624,634,
3153,HADQLTPTWR,625,635,
3154,ADQLTPTWRV,626,636,
3155,DQLTPTWRVY,627,637,
3156,QLTPTWRVYS,628,638,
3157,LTPTWRVYST,629,639,
3158,TPTWRVYSTG,630,640,
3159,PTWRVYSTGS,631,641,
3160,TWRVYSTGSN,632,642,
3161,WRVYSTGSNV,633,643,
3162,RVYSTGSNVF,634,644,
3163,VYSTGSNVFQ,635,645,
3164,YSTGSNVFQT,636,646,
3165,STGSNVFQTR,637,647,
3166,TGSNVFQTRA,638,648,
3167,GSNVFQTRAG,639,649,
3168,SNVFQTRAGC,640,650,
3169,NVFQTRAGCL,641,651,
3170,VFQTRAGCLI,642,652,
3171,FQTRAGCLIG,643,653,
3172,QTRAGCLIGA,644,654,
3173,TRAGCLIGAE,645,655,
3174,RAGCLIGAEH,646,656,
3175,AGCLIGAEHV,647,657,
3176,GCLIGAEHVN,648,658,
3177,CLIGAEHVNN,649,659,
3178,LIGAEHVNNS,650,660,
3179,IGAEHVNNSY,651,661,
3180,GAEHVNNSYE,652,662,
3181,AEHVNNSYEC,653,663,
3182,EHVNNSYECD,654,664,
3183,HVNNSYECDI,655,665,
3184,VNNSYECDIP,656,666,
3185,NNSYECDIPI,657,667,
3186,NSYECDIPIG,658,668,
3187,SYECDIPIGA,659,669,
3188,YECDIPIGAG,660,670,
3189,ECDIPIGAGI,661,671,
3190,CDIPIGAGIC,662,672,
3191,DIPIGAGICA,663,673,
3192,IPIGAGICAS,664,674,
3193,PIGAGICASY,665,675,
3194,IGAGICASYQ,666,676,
3195,GAGICASYQT,667,677,
3196,AGICASYQTQ,668,678,
3197,GICASYQTQT,669,679,
3198,ICASYQTQTN,670,680,
3199,CASYQTQTNS,671,681,
3200,ASYQTQTNSP,672,682,
3201,SYQTQTNSPR,673,683,
3202,YQTQTNSPRR,674,684,
3203,QTQTNSPRRA,675,685,
3204,TQTNSPRRAR,676,686,
3205,QTNSPRRARS,677,687,
3206,TNSPRRARSV,678,688,
3207,NSPRRARSVA,679,689,
3208,SPRRARSVAS,680,690,
3209,PRRARSVASQ,681,691,
3210,RRARSVASQS,682,692,
3211,RARSVASQSI,683,693,
3212,ARSVASQSII,684,694,
3213,RSVASQSIIA,685,695,
3214,SVASQSIIAY,686,696,
3215,VASQSIIAYT,687,697,
3216,ASQSIIAYTM,688,698,
3217,SQSIIAYTMS,689,699,
3218,QSIIAYTMSL,690,700,
3219,SIIAYTMSLG,691,701,
3220,IIAYTMSLGA,692,702,
3221,IAYTMSLGAE,693,703,
3222,AYTMSLGAEN,694,704,
3223,YTMSLGAENS,695,705,
3224,TMSLGAENSV,696,706,
3225,MSLGAENSVA,697,707,
3226,SLGAENSVAY,698,708,
3227,LGAENSVAYS,699,709,
3228,GAENSVAYSN,700,710,
3229,AENSVAYSNN,701,711,
3230,ENSVAYSNNS,702,712,
3231,NSVAYSNNSI,703,713,
3232,SVAYSNNSIA,704,714,
3233,VAYSNNSIAI,705,715,
3234,AYSNNSIAIP,706,716,
3235,YSNNSIAIPT,707,717,
3236,SNNSIAIPTN,708,718,
3237,NNSIAIPTNF,709,719,
3238,NSIAIPTNFT,710,720,
3239,SIAIPTNFTI,711,721,
3240,IAIPTNFTIS,712,722,
3241,AIPTNFTISV,713,723,
3242,IPTNFTISVT,714,724,
3243,PTNFTISVTT,715,725,
3244,TNFTISVTTE,716,726,
3245,NFTISVTTEI,717,727,
3246,FTISVTTEIL,718,728,
3247,TISVTTEILP,719,729,
3248,ISVTTEILPV,720,730,
3249,SVTTEILPVS,721,731,
3250,VTTEILPVSM,722,732,
3251,TTEILPVSMT,723,733,
3252,TEILPVSMTK,724,734,
3253,EILPVSMTKT,725,735,
3254,ILPVSMTKTS,726,736,
3255,LPVSMTKTSV,727,737,
3256,PVSMTKTSVD,728,738,
3257,VSMTKTSVDC,729,739,
3258,SMTKTSVDCT,730,740,
3259,MTKTSVDCTM,731,741,
3260,TKTSVDCTMY,732,742,
3261,KTSVDCTMYI,733,743,
3262,TSVDCTMYIC,734,744,
3263,SVDCTMYICG,735,745,
3264,VDCTMYICGD,736,746,
3265,DCTMYICGDS,737,747,
3266,CTMYICGDST,738,748,
3267,TMYICGDSTE,739,749,
3268,MYICGDSTEC,740,750,
3269,YICGDSTECS,741,751,
3270,ICGDSTECSN,742,752,
3271,CGDSTECSNL,743,753,
3272,GDSTECSNLL,744,754,
3273,DSTECSNLLL,745,755,
3274,STECSNLLLQ,746,756,
3275,TECSNLLLQY,747,757,
3276,ECSNLLLQYG,748,758,
3277,CSNLLLQYGS,749,759,
3278,SNLLLQYGSF,750,760,
3279,NLLLQYGSFC,751,761,
3280,LLLQYGSFCT,752,762,
3281,LLQYGSFCTQ,753,763,
3282,LQYGSFCTQL,754,764,
3283,QYGSFCTQLN,755,765,
3284,YGSFCTQLNR,756,766,
3285,GSFCTQLNRA,757,767,
3286,SFCTQLNRAL,758,768,
3287,FCTQLNRALT,759,769,
3288,CTQLNRALTG,760,770,
3289,TQLNRALTGI,761,771,
3290,QLNRALTGIA,762,772,
3291,LNRALTGIAV,763,773,
3292,NRALTGIAVE,764,774,
3293,RALTGIAVEQ,765,775,
3294,ALTGIAVEQD,766,776,
3295,LTGIAVEQDK,767,777,
3296,TGIAVEQDKN,768,778,
3297,GIAVEQDKNT,769,779,
3298,IAVEQDKNTQ,770,780,
3299,AVEQDKNTQE,771,781,
3300,VEQDKNTQEV,772,782,
3301,EQDKNTQEVF,773,783,
3302,QDKNTQEVFA,774,784,
3303,DKNTQEVFAQ,775,785,
3304,KNTQEVFAQV,776,786,
3305,NTQEVFAQVK,777,787,
3306,TQEVFAQVKQ,778,788,
3307,QEVFAQVKQI,779,789,
3308,EVFAQVKQIY,780,790,
3309,VFAQVKQIYK,781,791,
3310,FAQVKQIYKT,782,792,
3311,AQVKQIYKTP,783,793,
3312,QVKQIYKTPP,784,794,
3313,VKQIYKTPPI,785,795,
3314,KQIYKTPPIK,786,796,
3315,QIYKTPPIKD,787,797,
3316,IYKTPPIKDF,788,798,
3317,YKTPPIKDFG,789,799,
3318,KTPPIKDFGG,790,800,
3319,TPPIKDFGGF,791,801,
3320,PPIKDFGGFN,792,802,
3321,PIKDFGGFNF,793,803,
3322,IKDFGGFNFS,794,804,
3323,KDFGGFNFSQ,795,805,
3324,DFGGFNFSQI,796,806,
3325,FGGFNFSQIL,797,807,
3326,GGFNFSQILP,798,808,
3327,GFNFSQILPD,799,809,
3328,FNFSQILPDP,800,810,
3329,NFSQILPDPS,801,811,
3330,FSQILPDPSK,802,812,
3331,SQILPDPSKP,803,813,
3332,QILPDPSKPS,804,814,
3333,ILPDPSKPSK,805,815,
3334,LPDPSKPSKR,806,816,
3335,PDPSKPSKRS,807,817,
3336,DPSKPSKRSF,808,818,
3337,PSKPSKRSFI,809,819,
3338,SKPSKRSFIE,810,820,
3339,KPSKRSFIED,811,821,
3340,PSKRSFIEDL,812,822,
3341,SKRSFIEDLL,813,823,
3342,KRSFIEDLLF,814,824,
3343,RSFIEDLLFN,815,825,
3344,SFIEDLLFNK,816,826,
3345,FIEDLLFNKV,817,827,
3346,IEDLLFNKVT,818,828,
3347,EDLLFNKVTL,819,829,
3348,DLLFNKVTLA,820,830,
3349,LLFNKVTLAD,821,831,
3350,LFNKVTLADA,822,832,
3351,FNKVTLADAG,823,833,
3352,NKVTLADAGF,824,834,
3353,KVTLADAGFI,825,835,
3354,VTLADAGFIK,826,836,
3355,TLADAGFIKQ,827,837,
3356,LADAGFIKQY,828,838,
3357,ADAGFIKQYG,829,839,
3358,DAGFIKQYGD,830,840,
3359,AGFIKQYGDC,831,841,
3360,GFIKQYGDCL,832,842,
3361,FIKQYGDCLG,833,843,
3362,IKQYGDCLGD,834,844,
3363,KQYGDCLGDI,835,845,
3364,QYGDCLGDIA,836,846,
3365,YGDCLGDIAA,837,847,
3366,GDCLGDIAAR,838,848,
3367,DCLGDIAARD,839,849,
3368,CLGDIAARDL,840,850,
3369,LGDIAARDLI,841,851,
3370,GDIAARDLIC,842,852,
3371,DIAARDLICA,843,853,
3372,IAARDLICAQ,844,854,
3373,AARDLICAQK,845,855,
3374,ARDLICAQKF,846,856,
3375,RDLICAQKFN,847,857,
3376,DLICAQKFNG,848,858,
3377,LICAQKFNGL,849,859,
3378,ICAQKFNGLT,850,860,
3379,CAQKFNGLTV,851,861,
3380,AQKFNGLTVL,852,862,
3381,QKFNGLTVLP,853,863,
3382,KFNGLTVLPP,854,864,
3383,FNGLTVLPPL,855,865,
3384,NGLTVLPPLL,856,866,
3385,GLTVLPPLLT,857,867,
3386,LTVLPPLLTD,858,868,
3387,TVLPPLLTDE,859,869,
3388,VLPPLLTDEM,860,870,
3389,LPPLLTDEMI,861,871,
3390,PPLLTDEMIA,862,872,
3391,PLLTDEMIAQ,863,873,
3392,LLTDEMIAQY,864,874,
3393,LTDEMIAQYT,865,875,
3394,TDEMIAQYTS,866,876,
3395,DEMIAQYTSA,867,877,
3396,EMIAQYTSAL,868,878,
3397,MIAQYTSALL,869,879,
3398,IAQYTSALLA,870,880,
3399,AQYTSALLAG,871,881,
3400,QYTSALLAGT,872,882,
3401,YTSALLAGTI,873,883,
3402,TSALLAGTIT,874,884,
3403,SALLAGTITS,875,885,
3404,ALLAGTITSG,876,886,
3405,LLAGTITSGW,877,887,
3406,LAGTITSGWT,878,888,
3407,AGTITSGWTF,879,889,
3408,GTITSGWTFG,880,890,
3409,TITSGWTFGA,881,891,
3410,ITSGWTFGAG,882,892,
3411,TSGWTFGAGA,883,893,
3412,SGWTFGAGAA,884,894,
3413,GWTFGAGAAL,885,895,
3414,WTFGAGAALQ,886,896,
3415,TFGAGAALQI,887,897,
3416,FGAGAALQIP,888,898,
3417,GAGAALQIPF,889,899,
3418,AGAALQIPFA,890,900,
3419,GAALQIPFAM,891,901,
3420,AALQIPFAMQ,892,902,
3421,ALQIPFAMQM,893,903,
3422,LQIPFAMQMA,894,904,
3423,QIPFAMQMAY,895,905,
3424,IPFAMQMAYR,896,906,
3425,PFAMQMAYRF,897,907,
3426,FAMQMAYRFN,898,908,
3427,AMQMAYRFNG,899,909,
3428,MQMAYRFNGI,900,910,
3429,QMAYRFNGIG,901,911,
3430,MAYRFNGIGV,902,912,
3431,AYRFNGIGVT,903,913,
3432,YRFNGIGVTQ,904,914,
3433,RFNGIGVTQN,905,915,
3434,FNGIGVTQNV,906,916,
3435,NGIGVTQNVL,907,917,
3436,GIGVTQNVLY,908,918,
3437,IGVTQNVLYE,909,919,
3438,GVTQNVLYEN,910,920,
3439,VTQNVLYENQ,911,921,
3440,TQNVLYENQK,912,922,
3441,QNVLYENQKL,913,923,
3442,NVLYENQKLI,914,924,
3443,VLYENQKLIA,915,925,
3444,LYENQKLIAN,916,926,
3445,YENQKLIANQ,917,927,
3446,ENQKLIANQF,918,928,
3447,NQKLIANQFN,919,929,
3448,QKLIANQFNS,920,930,
3449,KLIANQFNSA,921,931,
3450,LIANQFNSAI,922,932,
3451,IANQFNSAIG,923,933,
3452,ANQFNSAIGK,924,934,
3453,NQFNSAIGKI,925,935,
3454,QFNSAIGKIQ,926,936,
3455,FNSAIGKIQD,927,937,
3456,NSAIGKIQDS,928,938,
3457,SAIGKIQDSL,929,939,
3458,AIGKIQDSLS,930,940,
3459,IGKIQDSLSS,931,941,
3460,GKIQDSLSST,932,942,
3461,KIQDSLSSTA,933,943,
3462,IQDSLSSTAS,934,944,
3463,QDSLSSTASA,935,945,
3464,DSLSSTASAL,936,946,
3465,SLSSTASALG,937,947,
3466,LSSTASALGK,938,948,
3467,SSTASALGKL,939,949,
3468,STASALGKLQ,940,950,
3469,TASALGKLQD,941,951,
3470,ASALGKLQDV,942,952,
3471,SALGKLQDVV,943,953,
3472,ALGKLQDVVN,944,954,
3473,LGKLQDVVNQ,945,955,
3474,GKLQDVVNQN,946,956,
3475,KLQDVVNQNA,947,957,
3476,LQDVVNQNAQ,948,958,
3477,QDVVNQNAQA,949,959,
3478,DVVNQNAQAL,950,960,
3479,VVNQNAQALN,951,961,
3480,VNQNAQALNT,952,962,
3481,NQNAQALNTL,953,963,
3482,QNAQALNTLV,954,964,
3483,NAQALNTLVK,955,965,
3484,AQALNTLVKQ,956,966,
3485,QALNTLVKQL,957,967,
3486,ALNTLVKQLS,958,968,
3487,LNTLVKQLSS,959,969,
3488,NTLVKQLSSN,960,970,
3489,TLVKQLSSNF,961,971,
3490,LVKQLSSNFG,962,972,
3491,VKQLSSNFGA,963,973,
3492,KQLSSNFGAI,964,974,
3493,QLSSNFGAIS,965,975,
3494,LSSNFGAISS,966,976,
3495,SSNFGAISSV,967,977,
3496,SNFGAISSVL,968,978,
3497,NFGAISSVLN,969,979,
3498,FGAISSVLND,970,980,
3499,GAISSVLNDI,971,981,
3500,AISSVLNDIL,972,982,
3501,ISSVLNDILS,973,983,
3502,SSVLNDILSR,974,984,
3503,SVLNDILSRL,975,985,
3504,VLNDILSRLD,976,986,
3505,LNDILSRLDK,977,987,
3506,NDILSRLDKV,978,988,
3507,DILSRLDKVE,979,989,
3508,ILSRLDKVEA,980,990,
3509,LSRLDKVEAE,981,991,
3510,SRLDKVEAEV,982,992,
3511,RLDKVEAEVQ,983,993,
3512,LDKVEAEVQI,984,994,
3513,DKVEAEVQID,985,995,
3514,KVEAEVQIDR,986,996,
3515,VEAEVQIDRL,987,997,
3516,EAEVQIDRLI,988,998,
3517,AEVQIDRLIT,989,999,
3518,EVQIDRLITG,990,1000,
3519,VQIDRLITGR,991,1001,
3520,QIDRLITGRL,992,1002,
3521,IDRLITGRLQ,993,1003,
3522,DRLITGRLQS,994,1004,
3523,RLITGRLQSL,995,1005,
3524,LITGRLQSLQ,996,1006,
3525,ITGRLQSLQT,997,1007,
3526,TGRLQSLQTY,998,1008,
3527,GRLQSLQTYV,999,1009,
3528,RLQSLQTYVT,1000,1010,
3529,LQSLQTYVTQ,1001,1011,
3530,QSLQTYVTQQ,1002,1012,
3531,SLQTYVTQQL,1003,1013,
3532,LQTYVTQQLI,1004,1014,
3533,QTYVTQQLIR,1005,1015,
3534,TYVTQQLIRA,1006,1016,
3535,YVTQQLIRAA,1007,1017,
3536,VTQQLIRAAE,1008,1018,
3537,TQQLIRAAEI,1009,1019,
3538,QQLIRAAEIR,1010,1020,
3539,QLIRAAEIRA,1011,1021,
3540,LIRAAEIRAS,1012,1022,
3541,IRAAEIRASA,1013,1023,
3542,RAAEIRASAN,1014,1024,
3543,AAEIRASANL,1015,1025,
3544,AEIRASANLA,1016,1026,
3545,EIRASANLAA,1017,1027,
3546,IRASANLAAT,1018,1028,
3547,RASANLAATK,1019,1029,
3548,ASANLAATKM,1020,1030,
3549,SANLAATKMS,1021,1031,
3550,ANLAATKMSE,1022,1032,
3551,NLAATKMSEC,1023,1033,
3552,LAATKMSECV,1024,1034,
3553,AATKMSECVL,1025,1035,
3554,ATKMSECVLG,1026,1036,
3555,TKMSECVLGQ,1027,1037,
3556,KMSECVLGQS,1028,1038,
3557,MSECVLGQSK,1029,1039,
3558,SECVLGQSKR,1030,1040,
3559,ECVLGQSKRV,1031,1041,
3560,CVLGQSKRVD,1032,1042,
3561,VLGQSKRVDF,1033,1043,
3562,LGQSKRVDFC,1034,1044,
3563,GQSKRVDFCG,1035,1045,
3564,QSKRVDFCGK,1036,1046,
3565,SKRVDFCGKG,1037,1047,
3566,KRVDFCGKGY,1038,1048,
3567,RVDFCGKGYH,1039,1049,
3568,VDFCGKGYHL,1040,1050,
3569,DFCGKGYHLM,1041,1051,
3570,FCGKGYHLMS,1042,1052,
3571,CGKGYHLMSF,1043,1053,
3572,GKGYHLMSFP,1044,1054,
3573,KGYHLMSFPQ,1045,1055,
3574,GYHLMSFPQS,1046,1056,
3575,YHLMSFPQSA,1047,1057,
3576,HLMSFPQSAP,1048,1058,
3577,LMSFPQSAPH,1049,1059,
3578,MSFPQSAPHG,1050,1060,
3579,SFPQSAPHGV,1051,1061,
3580,FPQSAPHGVV,1052,1062,
3581,PQSAPHGVVF,1053,1063,
3582,QSAPHGVVFL,1054,1064,
3583,SAPHGVVFLH,1055,1065,
3584,APHGVVFLHV,1056,1066,
3585,PHGVVFLHVT,1057,1067,
3586,HGVVFLHVTY,1058,1068,
3587,GVVFLHVTYV,1059,1069,
3588,VVFLHVTYVP,1060,1070,
3589,VFLHVTYVPA,1061,1071,
3590,FLHVTYVPAQ,1062,1072,
3591,LHVTYVPAQE,1063,1073,
3592,HVTYVPAQEK,1064,1074,
3593,VTYVPAQEKN,1065,1075,
3594,TYVPAQEKNF,1066,1076,
3595,YVPAQEKNFT,1067,1077,
3596,VPAQEKNFTT,1068,1078,
3597,PAQEKNFTTA,1069,1079,
3598,AQEKNFTTAP,1070,1080,
3599,QEKNFTTAPA,1071,1081,
3600,EKNFTTAPAI,1072,1082,
3601,KNFTTAPAIC,1073,1083,
3602,NFTTAPAICH,1074,1084,
3603,FTTAPAICHD,1075,1085,
3604,TTAPAICHDG,1076,1086,
3605,TAPAICHDGK,1077,1087,
3606,APAICHDGKA,1078,1088,
3607,PAICHDGKAH,1079,1089,
3608,AICHDGKAHF,1080,1090,
3609,ICHDGKAHFP,1081,1091,
3610,CHDGKAHFPR,1082,1092,
3611,HDGKAHFPRE,1083,1093,
3612,DGKAHFPREG,1084,1094,
3613,GKAHFPREGV,1085,1095,
3614,KAHFPREGVF,1086,1096,
3615,AHFPREGVFV,1087,1097,
3616,HFPREGVFVS,1088,1098,
3617,FPREGVFVSN,1089,1099,
3618,PREGVFVSNG,1090,1100,
3619,REGVFVSNGT,1091,1101,
3620,EGVFVSNGTH,1092,1102,
3621,GVFVSNGTHW,1093,1103,
3622,VFVSNGTHWF,1094,1104,
3623,FVSNGTHWFV,1095,1105,
3624,VSNGTHWFVT,1096,1106,
3625,SNGTHWFVTQ,1097,1107,
3626,NGTHWFVTQR,1098,1108,
3627,GTHWFVTQRN,1099,1109,
3628,THWFVTQRNF,1100,1110,
3629,HWFVTQRNFY,1101,1111,
3630,WFVTQRNFYE,1102,1112,
3631,FVTQRNFYEP,1103,1113,
3632,VTQRNFYEPQ,1104,1114,
3633,TQRNFYEPQI,1105,1115,
3634,QRNFYEPQII,1106,1116,
3635,RNFYEPQIIT,1107,1117,
3636,NFYEPQIITT,1108,1118,
3637,FYEPQIITTD,1109,1119,
3638,YEPQIITTDN,1110,1120,
3639,EPQIITTDNT,1111,1121,
3640,PQIITTDNTF,1112,1122,
3641,QIITTDNTFV,1113,1123,
3642,IITTDNTFVS,1114,1124,
3643,ITTDNTFVSG,1115,1125,
3644,TTDNTFVSGN,1116,1126,
3645,TDNTFVSGNC,1117,1127,
3646,DNTFVSGNCD,1118,1128,
3647,NTFVSGNCDV,1119,1129,
3648,TFVSGNCDVV,1120,1130,
3649,FVSGNCDVVI,1121,1131,
3650,VSGNCDVVIG,1122,1132,
3651,SGNCDVVIGI,1123,1133,
3652,GNCDVVIGIV,1124,1134,
3653,NCDVVIGIVN,1125,1135,
3654,CDVVIGIVNN,1126,1136,
3655,DVVIGIVNNT,1127,1137,
3656,VVIGIVNNTV,1128,1138,
3657,VIGIVNNTVY,1129,1139,
3658,IGIVNNTVYD,1130,1140,
3659,GIVNNTVYDP,1131,1141,
3660,IVNNTVYDPL,1132,1142,
3661,VNNTVYDPLQ,1133,1143,
3662,NNTVYDPLQP,1134,1144,
3663,NTVYDPLQPE,1135,1145,
3664,TVYDPLQPEL,1136,1146,
3665,VYDPLQPELD,1137,1147,
3666,YDPLQPELDS,1138,1148,
3667,DPLQPELDSF,1139,1149,
3668,PLQPELDSFK,1140,1150,
3669,LQPELDSFKE,1141,1151,
3670,QPELDSFKEE,1142,1152,
3671,PELDSFKEEL,1143,1153,
3672,ELDSFKEELD,1144,1154,
3673,LDSFKEELDK,1145,1155,
3674,DSFKEELDKY,1146,1156,
3675,SFKEELDKYF,1147,1157,
3676,FKEELDKYFK,1148,1158,
3677,KEELDKYFKN,1149,1159,
3678,EELDKYFKNH,1150,1160,
3679,ELDKYFKNHT,1151,1161,
3680,LDKYFKNHTS,1152,1162,
3681,DKYFKNHTSP,1153,1163,
3682,KYFKNHTSPD,1154,1164,
3683,YFKNHTSPDV,1155,1165,
3684,FKNHTSPDVD,1156,1166,
3685,KNHTSPDVDL,1157,1167,
3686,NHTSPDVDLG,1158,1168,
3687,HTSPDVDLGD,1159,1169,
3688,TSPDVDLGDI,1160,1170,
3689,SPDVDLGDIS,1161,1171,
3690,PDVDLGDISG,1162,1172,
3691,DVDLGDISGI,1163,1173,
3692,VDLGDISGIN,1164,1174,
3693,DLGDISGINA,1165,1175,
3694,LGDISGINAS,1166,1176,
3695,GDISGINASV,1167,1177,
3696,DISGINASVV,1168,1178,
3697,ISGINASVVN,1169,1179,
3698,SGINASVVNI,1170,1180,
3699,GINASVVNIQ,1171,1181,
3700,INASVVNIQK,1172,1182,
3701,NASVVNIQKE,1173,1183,
3702,ASVVNIQKEI,1174,1184,
3703,SVVNIQKEID,1175,1185,
3704,VVNIQKEIDR,1176,1186,
3705,VNIQKEIDRL,1177,1187,
3706,NIQKEIDRLN,1178,1188,
3707,IQKEIDRLNE,1179,1189,
3708,QKEIDRLNEV,1180,1190,
3709,KEIDRLNEVA,1181,1191,
3710,EIDRLNEVAK,1182,1192,
3711,IDRLNEVAKN,1183,1193,
3712,DRLNEVAKNL,1184,1194,
3713,RLNEVAKNLN,1185,1195,
3714,LNEVAKNLNE,1186,1196,
3715,NEVAKNLNES,1187,1197,
3716,EVAKNLNESL,1188,1198,
3717,VAKNLNESLI,1189,1199,
3718,AKNLNESLID,1190,1200,
3719,KNLNESLIDL,1191,1201,
3720,NLNESLIDLQ,1192,1202,
3721,LNESLIDLQE,1193,1203,
3722,NESLIDLQEL,1194,1204,
3723,ESLIDLQELG,1195,1205,
3724,SLIDLQELGK,1196,1206,
3725,LIDLQELGKY,1197,1207,
3726,IDLQELGKYE,1198,1208,
3727,DLQELGKYEQ,1199,1209,
3728,LQELGKYEQY,1200,1210,
3729,QELGKYEQYI,1201,1211,
3730,ELGKYEQYIK,1202,1212,
3731,LGKYEQYIKW,1203,1213,
3732,GKYEQYIKWP,1204,1214,
3733,KYEQYIKWPW,1205,1215,
3734,YEQYIKWPWY,1206,1216,
3735,EQYIKWPWYI,1207,1217,
3736,QYIKWPWYIW,1208,1218,
3737,YIKWPWYIWL,1209,1219,
3738,IKWPWYIWLG,1210,1220,
3739,KWPWYIWLGF,1211,1221,
3740,WPWYIWLGFI,1212,1222,
3741,PWYIWLGFIA,1213,1223,
3742,WYIWLGFIAG,1214,1224,
3743,YIWLGFIAGL,1215,1225,
3744,IWLGFIAGLI,1216,1226,
3745,WLGFIAGLIA,1217,1227,
3746,LGFIAGLIAI,1218,1228,
3747,GFIAGLIAIV,1219,1229,
3748,FIAGLIAIVM,1220,1230,
3749,IAGLIAIVMV,1221,1231,
3750,AGLIAIVMVT,1222,1232,
3751,GLIAIVMVTI,1223,1233,
3752,LIAIVMVTIM,1224,1234,
3753,IAIVMVTIML,1225,1235,
3754,AIVMVTIMLC,1226,1236,
3755,IVMVTIMLCC,1227,1237,
3756,VMVTIMLCCM,1228,1238,
3757,MVTIMLCCMT,1229,1239,
3758,VTIMLCCMTS,1230,1240,
3759,TIMLCCMTSC,1231,1241,
3760,IMLCCMTSCC,1232,1242,
3761,MLCCMTSCCS,1233,1243,
3762,LCCMTSCCSC,1234,1244,
3763,CCMTSCCSCL,1235,1245,
3764,CMTSCCSCLK,1236,1246,
3765,MTSCCSCLKG,1237,1247,
3766,TSCCSCLKGC,1238,1248,
3767,SCCSCLKGCC,1239,1249,
3768,CCSCLKGCCS,1240,1250,
3769,CSCLKGCCSC,1241,1251,
3770,SCLKGCCSCG,1242,1252,
3771,CLKGCCSCGS,1243,1253,
3772,LKGCCSCGSC,1244,1254,
3773,KGCCSCGSCC,1245,1255,
3774,GCCSCGSCCK,1246,1256,
3775,CCSCGSCCKF,1247,1257,
3776,CSCGSCCKFD,1248,1258,
3777,SCGSCCKFDE,1249,1259,
3778,CGSCCKFDED,1250,1260,
3779,GSCCKFDEDD,1251,1261,
3780,SCCKFDEDDS,1252,1262,
3781,CCKFDEDDSE,1253,1263,
3782,CKFDEDDSEP,1254,1264,
3783,KFDEDDSEPV,1255,1265,
3784,FDEDDSEPVL,1256,1266,
3785,DEDDSEPVLK,1257,1267,
3786,EDDSEPVLKG,1258,1268,
3787,DDSEPVLKGV,1259,1269,
3788,DSEPVLKGVK,1260,1270,
3789,SEPVLKGVKL,1261,1271,
3790,EPVLKGVKLH,1262,1272,
3791,PVLKGVKLHY,1263,1273,
